Author,Date,Author Name,Role,Message,Video Time,ID
https://yt4.ggpht.com/ytc/AGIKgqMa_5gD4HrWi7dstchB1-K5ZOaZ-elxvzIFFQtUcit3og=s32-c-k-c0x00ffffff-no-rj,2023-06-08T16:10:00.000Z,冯小天天,,广快直播,0:00:10,ChwKGkNMNlJqOGJFaHY0Q0ZSZkN3Z1FkVXdrRDlB
https://yt4.ggpht.com/ytc/AGIKgqM2UBoec0yyvgOjasapyg7_D4jf0daVxNzT-Q=s32-c-k-c0x00ffffff-no-rj,2023-06-08T16:10:00.000Z,painyan,,同接1.5万,0:00:00,ChwKGkNOT29rcm5FaHY0Q0ZaYkN3Z1FkR0xRTTlB
https://yt4.ggpht.com/ytc/AGIKgqNgu3DcuFnacBvEuGsY1dbFgKc7FYzs2I7w5dCsaw=s32-c-k-c0x00ffffff-no-rj,2023-06-08T16:10:00.000Z,sy 2641,,90秒,0:00:00,ChwKGkNOWDNwYm5FaHY0Q0ZXckR3Z1FkVXRjR213
https://yt4.ggpht.com/ytc/AGIKgqMFZTbxXIaUcFidOTPRPCzPwZQV-4VyT1XGjA=s32-c-k-c0x00ffffff-no-rj,2023-06-08T16:03:00.000Z,琥珀,,同接1.6万突破！！,0:00:00,ChwKGkNNaWIycnpFaHY0Q0ZmVER3Z1FkaFRrS2tB
https://yt4.ggpht.com/f4BzJQ9g4xTcARiq2F5uis1chvbXMT7dPFsJvHAH5I8e_vhZMZ8NLm7HAf919TRgPW6vT6K6eQ=s32-c-k-c0x00ffffff-no-rj,2023-06-08T16:17:00.000Z,Alice,,ビナーTorment討伐RTA any%？,0:00:17,ChwKGkNQVzh4c25FaHY0Q0ZWdkR3Z1FkbU5JTV9R
https://yt4.ggpht.com/4u9U-YDAc1AlMZBEO3bKh35HdoLdREsqJ8zDp_yN9ENesWXsGKABvURYJ9_2y00MndUi4tyV=s32-c-k-c0x00ffffff-no-rj,2023-06-08T16:24:00.000Z,MT Teruya,,神BGM,0:00:24,ChwKGkNKVzI0TXpFaHY0Q0ZUN0N3Z1FkRHRrTEV3
https://yt4.ggpht.com/ytc/AGIKgqNKOtVpI9erFBBmkp6cRMOABKREAwxnJ-_EVCP4Aw=s32-c-k-c0x00ffffff-no-rj,2023-06-08T16:25:00.000Z,abo H,,1.7万人...！,0:00:25,ChwKGkNJMjVoczNFaHY0Q0ZWbkR3Z1FkZE1zSGln
https://yt4.ggpht.com/ytc/AGIKgqO1oPXFi4rn66HpCo7q3oDEj0-3u--H0ucytw=s32-c-k-c0x00ffffff-no-rj,2023-06-08T16:32:00.000Z,悠城ソラ,,北ー,0:00:33,ChwKGkNJcUU2ZERFaHY0Q0ZTX0R3Z1Fkc1YwSWZR
https://yt4.ggpht.com/ytc/AGIKgqPKzoo3nCs99DzhEQ_5lvowNhap7iL7LJmepQ=s32-c-k-c0x00ffffff-no-rj,2023-06-08T16:46:00.000Z,くわっぱ,,＠1分,0:00:46,ChwKGkNLTHB1OWZFaHY0Q0ZXX0N3Z1FkeDcwRlFR
https://yt4.ggpht.com/ytc/AGIKgqMSCbb4EFtAi3H0RDKNbyTC15vqFN-LfI0RLD_A=s32-c-k-c0x00ffffff-no-rj,2023-06-08T16:58:00.000Z,タマちゃん,,(??? 三 ???),0:00:58,ChwKGkNKN1AtZHpFaHY0Q0ZhakJ3Z1FkVXZZSTl3
https://yt4.ggpht.com/ytc/AGIKgqOCHUE8eIk__DbtrLltUmZQkeOPwoJ5C3xiWw=s32-c-k-c0x00ffffff-no-rj,2023-06-08T17:04:00.000Z,インコ,,一万人！？,0:01:04,ChwKGkNQS1k4ZF9FaHY0Q0ZmUEN3Z1FkeDVVSjh3
https://yt4.ggpht.com/ytc/AGIKgqMeIRMYsKFrP5pP1_AFduqIUf5IoHJhAOnrqliF=s32-c-k-c0x00ffffff-no-rj,2023-06-08T17:22:00.000Z,Mr.Nobody,,??三??,0:01:22,ChwKGkNQdU9ydWpFaHY0Q0ZUQV9yUVlkUHlJR2tn
https://yt4.ggpht.com/ytc/AGIKgqPbb3sgT52NN7Yqw-TsbESB2SnLmB-BU538CHO5=s32-c-k-c0x00ffffff-no-rj,2023-06-08T17:22:00.000Z,ただのいし,,部長！,0:01:22,ChwKGkNLaWh6T2pFaHY0Q0ZVSV9yUVlkU2MwRDln
https://yt4.ggpht.com/ytc/AGIKgqOgxU97b9XNkbkatK9C1JHIpw-_E6cd6QjKZv4b=s32-c-k-c0x00ffffff-no-rj,2023-06-08T17:48:00.000Z,Akacolor,,草,0:01:49,ChwKGkNKem9tUFhFaHY0Q0ZYWEJ3Z1FkRjhJRDJR
https://yt4.ggpht.com/XAadUEGSCBFsXVxuvVFsYrdfGXwNztBtCwUb7ePi4cAcqQNA5MLqilg0clbm3iOuXDQoIH1l=s32-c-k-c0x00ffffff-no-rj,2023-06-08T17:49:00.000Z,Lycoris,,可爱！！！！！！,0:01:49,ChwKGkNKYmZxdlhFaHY0Q0ZaYkN3Z1FkR0xRTTlB
https://yt4.ggpht.com/ytc/AGIKgqNtvSHonscqDHqzhvTrxOyPJJmlY82MXzNw13nY=s32-c-k-c0x00ffffff-no-rj,2023-06-08T17:49:00.000Z,lackyclover,,草,0:01:49,ChwKGkNQNzMxZlhFaHY0Q0ZkTVdyUVlkR0tnTm1R
https://yt4.ggpht.com/J9K_UCHZfOiFypxHfdk_gJ_dxR-qRRSQ2iH53lzaSs9NSj9IlUvgfsSvSpS9YzZrr0o_H2rYBg=s32-c-k-c0x00ffffff-no-rj,2023-06-08T17:53:00.000Z,Krox_66,,　草,0:01:53,ChwKGkNJQ2NtdmZFaHY0Q0ZjWER3Z1FkSEprQjlR
https://yt4.ggpht.com/zxowjYSksKAWECOxgyJ7dZyCvHUcrEZtJw3-DpX9kaERECI8ogJgzYoFKIFv7eeWiEWNQhjaDQ=s32-c-k-c0x00ffffff-no-rj,2023-06-08T17:53:00.000Z,RlN,,草,0:01:53,ChwKGkNLNjFudmZFaHY0Q0ZmTVI1d29kclRnR2xB
https://yt4.ggpht.com/ytc/AGIKgqPtaTfrYM6MbEB4NDiP2FxWlsr77QRMnfVR3kgA=s32-c-k-c0x00ffffff-no-rj,2023-06-08T17:54:00.000Z,nashi water,,草,0:01:54,ChwKGkNJTDV6UGZFaHY0Q0ZTTEN3Z1FkcWJvSDlB
https://yt4.ggpht.com/ytc/AGIKgqMlTnO-gBP6App0R1RXzU6YjZQ3DTnRvpm0og=s32-c-k-c0x00ffffff-no-rj,2023-06-08T17:56:00.000Z,haruto umewaka,,草,0:01:56,ChwKGkNQVDcxUGpFaHY0Q0ZYckN3Z1FkenFFRHFR
https://yt4.ggpht.com/ytc/AGIKgqNjRQwmwl3s_jyTb4k4Nu6cK4N6twqEIdBpfz4i=s32-c-k-c0x00ffffff-no-rj,2023-06-08T17:57:00.000Z,links Mod,,爱丽丝！！,0:01:57,ChwKGkNOS3ppX25FaHY0Q0ZjWER3Z1FkSEprQjlR
https://yt4.ggpht.com/XK65QFOHy7K9kJcmCd7vZ3mCCg9yMgDtCDrMr-XtnQfjEaJFr7S-43ewecNDJo1Jzd-ONEmd=s32-c-k-c0x00ffffff-no-rj,2023-06-08T17:57:00.000Z,コットン,,草,0:01:57,ChwKGkNNNlZsUG5FaHY0Q0ZVTVpmUW9kZXBFRUN3
https://yt4.ggpht.com/ytc/AGIKgqMbv_v1dAWYer2yDi71g65x4KN_nnH8S__yFlSopA=s32-c-k-c0x00ffffff-no-rj,2023-06-08T18:05:00.000Z,ゆのみ,,新人,0:02:05,ChwKGkNJWGFrUDNFaHY0Q0ZXckR3Z1FkVXRjR213
https://yt4.ggpht.com/ytc/AGIKgqOO8rCd_X192INk_H90avp9WygiH2xJpoZSek4F=s32-c-k-c0x00ffffff-no-rj,2023-06-08T18:41:00.000Z,和三盆,,保護者,0:02:41,ChwKGkNMTEo4WTNGaHY0Q0ZjWER3Z1FkSEprQjlR
https://yt4.ggpht.com/ytc/AGIKgqObFBJWuRW1cJyCdQqp-apIwih1eETWKEVTy8eI=s32-c-k-c0x00ffffff-no-rj,2023-06-08T18:54:00.000Z,田中Neko,,草,0:02:54,ChwKGkNKelVyNVRGaHY0Q0ZXUVM1d29kcFFzS21n
https://yt4.ggpht.com/ytc/AGIKgqNHM8wBeUzDwmsn8v2UPX5hUxqsyEfwGPPYOA_e=s32-c-k-c0x00ffffff-no-rj,2023-06-08T19:01:00.000Z,焼き菓子,,草,0:03:01,ChwKGkNKTHB5WmZGaHY0Q0ZUTWVmUW9kSkdFUFdB
https://yt4.ggpht.com/ytc/AGIKgqNVwcw2N0593eMcKhG7fYyfuoTueUVqrmTFOoBi=s32-c-k-c0x00ffffff-no-rj,2023-06-08T19:01:00.000Z,hfl dea,,爱丽丝！,0:03:02,ChwKGkNOX043WmZGaHY0Q0ZmVER3Z1FkaFRrS2tB
https://yt4.ggpht.com/ytc/AGIKgqMaw_I0VGQPrrPtuAu7FFskfrUu3t-5No9xUqIS=s32-c-k-c0x00ffffff-no-rj,2023-06-08T19:03:00.000Z,ツナ缶,,草,0:03:03,ChwKGkNQX0gzNWpGaHY0Q0ZjUEJ3Z1Fkc1lvTUdB
https://yt4.ggpht.com/ytc/AGIKgqMLle1snOP7DHof-EtXcjb1V6uFxXDp1BknYw=s32-c-k-c0x00ffffff-no-rj,2023-06-08T19:05:00.000Z,こうよう,,草,0:03:05,ChwKGkNNS3R2NW5GaHY0Q0ZkekN3Z1FkSGFJQ0NR
https://yt4.ggpht.com/ytc/AGIKgqOQ6yKYu-i_nJ6HnOpojlX0OsgVWECvURfePh-z3g=s32-c-k-c0x00ffffff-no-rj,2023-06-08T19:12:00.000Z,Prime Loki,,草,0:03:12,ChwKGkNKQ0VpcDNGaHY0Q0ZXUER3Z1FkaHI0UG5R
https://yt4.ggpht.com/ytc/AGIKgqPlBU6v9fXVQGon4LTCR7nMRwMRfuJo_gdzu3cm=s32-c-k-c0x00ffffff-no-rj,2023-06-08T19:13:00.000Z,林檎トシキ,,草,0:03:13,ChwKGkNJV1RyNTNGaHY0Q0ZXUVM1d29kcFFzS21n
https://yt4.ggpht.com/ytc/AGIKgqNr_OmhFA8GIm8Sr5yLkd6ZPGNQXNb8lj3zZ79yzQ=s32-c-k-c0x00ffffff-no-rj,2023-06-08T19:28:00.000Z,弱小マスター,,草,0:03:28,ChwKGkNJS014cVRGaHY0Q0ZUQV9yUVlkUHlJR2tn
https://yt4.ggpht.com/ytc/AGIKgqMPmLweNKRlz9FlJFfFOp5NhMdbamdWVEpLZH7T=s32-c-k-c0x00ffffff-no-rj,2023-06-08T19:30:00.000Z,George Chamberlain,,放置ｗ,0:03:31,ChwKGkNMTGEyYVhGaHY0Q0ZmTVI1d29kclRnR2xB
https://yt4.ggpht.com/ytc/AGIKgqMy77icvE_nzqY7frcsBgsWj8qzL9Lmr6y0iH34Gg=s32-c-k-c0x00ffffff-no-rj,2023-06-08T19:32:00.000Z,Ibuki Mioda,,草,0:03:32,ChwKGkNMeVh0S2JGaHY0Q0ZVSV9yUVlkU2MwRDln
https://yt4.ggpht.com/ytc/AGIKgqN5EnB9B2KivyLVehGtcl_d0GYm882wBpjKyUJj=s32-c-k-c0x00ffffff-no-rj,2023-06-08T19:32:00.000Z,小鹿包江离,,欸欸欸,0:03:32,ChwKGkNPTHh6S2JGaHY0Q0ZhRV9yUVlkc0drS1FR
https://yt4.ggpht.com/ytc/AGIKgqMtaraOalD4fXhoQSGHwTKj0p9QWe3PjbV12E6X8Q=s32-c-k-c0x00ffffff-no-rj,2023-06-08T19:34:00.000Z,双頭串かつ,,先生30000人,0:03:34,ChwKGkNMU09yYWZGaHY0Q0ZWdkR3Z1FkbU5JTV9R
https://yt4.ggpht.com/ytc/AGIKgqOGUg8R-LnZ92MqwWMvEHviEIvd71gvRHLDNrmz5Q=s32-c-k-c0x00ffffff-no-rj,2023-06-08T19:40:00.000Z,tage,,卑,0:03:40,ChwKGkNMeURqNnJGaHY0Q0ZXM0N3Z1FkZ1JNS0NR
https://yt4.ggpht.com/ytc/AGIKgqOhQYF7QQT8G1mYmjaTRLzjluNen3FcYiATnoqG=s32-c-k-c0x00ffffff-no-rj,2023-06-08T19:50:00.000Z,デンソン,,部長！？？,0:03:51,ChwKGkNKeWNtS19GaHY0Q0ZWNF9yUVlkZGtjRlpn
https://yt4.ggpht.com/ytc/AGIKgqMS0BEpxodgvo6ucsLXiBqp4Z1j56JYYvix3w=s32-c-k-c0x00ffffff-no-rj,2023-06-08T19:54:00.000Z,ためぴっぴ,,最高,0:03:54,ChwKGkNNWG8yTERGaHY0Q0ZUM0R3Z1FkTGtnSjRn
https://yt4.ggpht.com/HG4nki_OjeoOVQ6n5WxRP4eZXHPpUe_2xY5EBVS28sCEwPTt_JEd4_1IeOXzjUzJVv1VKnAVgQ=s32-c-k-c0x00ffffff-no-rj,2023-06-08T19:55:00.000Z,No.054,,最高,0:03:56,ChwKGkNORE16N0hGaHY0Q0ZmVER3Z1FkaFRrS2tB
https://yt4.ggpht.com/L7sSq0Lvpx_uFQ9PMrk8I423EeDL51CK41CCREKaTl6UucuAcZR01C72X2dL0Tf_JIJUUzPv=s32-c-k-c0x00ffffff-no-rj,2023-06-08T20:02:00.000Z,ねゆりくん,,草,0:04:02,ChwKGkNPenIyYlRGaHY0Q0ZjUEJ3Z1Fkc1lvTUdB
https://yt4.ggpht.com/SXXvBeqFi2hcfE5tB4_4uB5quxj95uezqQr6D0xRC8BoFQgJGT8YoskOI901xUkfovjYYoWnhA=s32-c-k-c0x00ffffff-no-rj,2023-06-08T20:03:00.000Z,DD-Peanut花生 【Clip.Translation】,,最高!,0:04:03,ChwKGkNNejZyclhGaHY0Q0ZjUEJ3Z1Fkc1lvTUdB
https://yt4.ggpht.com/zFYp1DZ5v52qF7wZ-hrU0VwpRLoiydxC0CFCte2W1Pb4YyWIOVeCOSuvwfhcVxxdTIq4c9RknA=s32-c-k-c0x00ffffff-no-rj,2023-06-08T20:06:00.000Z,ラムネ,,同説三万,0:04:07,ChwKGkNOSHQ1N2JGaHY0Q0ZiSEJ3Z1FkTGVvTFpB
https://yt4.ggpht.com/ZOis7FGEMUHXwyu-ErSctAHJzrGtCqPvIM576vdWUY-7Z5npVs2hr9InLHR8K4x2pofnfs2Q=s32-c-k-c0x00ffffff-no-rj,2023-06-08T20:11:00.000Z,人間賛歌が聞きたい君,,草,0:04:11,ChwKGkNOSEQtTGpGaHY0Q0ZVTVpmUW9kZXBFRUN3
https://yt4.ggpht.com/ytc/AGIKgqN9lbFdtj7dkFTrQgOAZbBKHFN8v0SgwkyCTjU93OBlm8EfJ_O-8JQdnjL_JL5C=s32-c-k-c0x00ffffff-no-rj,2023-06-08T20:15:00.000Z,miki,,草,0:04:15,ChwKGkNKbXozcnJGaHY0Q0ZXN0V3Z1FkZUY4RE5R
https://yt4.ggpht.com/ytc/AGIKgqPRlU0Lm77MfXj938GrN2juF9gbt6Ni8nsBtiJ5=s32-c-k-c0x00ffffff-no-rj,2023-06-08T20:18:00.000Z,con tama,,BGM草,0:04:18,ChwKGkNQcUtrN3pGaHY0Q0ZVTVpmUW9kZXBFRUN3
https://yt4.ggpht.com/ytc/AGIKgqNO7tlp8aM-roXIK_gfu8_z_GNWY4Bpovqd_yiqEHcvnuX8h-tNPAvGnWiNGAftbqk=s32-c-k-c0x00ffffff-no-rj,2023-06-08T20:18:00.000Z,ふーちゃん,,草,0:04:18,ChwKGkNOWENwTHpGaHY0Q0ZXckR3Z1FkVXRjR213
https://yt4.ggpht.com/ytc/AGIKgqM2173vKMXlK0tnAz9c1l4-ClgiN2uOPfJg1OZI=s32-c-k-c0x00ffffff-no-rj,2023-06-08T20:19:00.000Z,Kuma_Ta,,草,0:04:19,ChwKGkNLckQ0YnpGaHY0Q0ZWdkN3Z1FkVXFrRW53
https://yt4.ggpht.com/KCiItPgSR2ArjBQ8E16fJtfTg2vWz985m7T4PWEW33NGSDpQMfsx2oEuXIK8nrMOOzb0Vy7d=s32-c-k-c0x00ffffff-no-rj,2023-06-08T20:19:00.000Z,himono45,,「魔王」「把握」,0:04:19,ChwKGkNMWEc0cnpGaHY0Q0ZlZ1lyUVlkbVRVTmVB
https://yt4.ggpht.com/ytc/AGIKgqMe3kLtcqo11UZ1_Q_Qa1CVXSI2NmqjoFQiXU320Q=s32-c-k-c0x00ffffff-no-rj,2023-06-08T20:20:00.000Z,しぐれそら,,草,0:04:20,ChwKGkNLTzhwNzNGaHY0Q0Zadjd3UW9kdHU4T0hn
https://yt4.ggpht.com/ytc/AGIKgqPnnJOQZuelhz4Gd0kt8GIFvhP3gJ93iYwFBblW=s32-c-k-c0x00ffffff-no-rj,2023-06-08T20:21:00.000Z,リント,,草,0:04:21,ChwKGkNMU0s0cjNGaHY0Q0ZmVER3Z1FkaFRrS2tB
https://yt4.ggpht.com/ytc/AGIKgqPdBWuG8_pEb46FKdbPnzGFLty5-pFZkOkFocTgtQ=s32-c-k-c0x00ffffff-no-rj,2023-06-08T20:21:00.000Z,みこっち,,草,0:04:22,ChwKGkNPcmJfTDNGaHY0Q0ZiVEN3Z1FkRzdZTjhB
https://yt4.ggpht.com/ytc/AGIKgqOFwWpm8uiTHs3iBw9ZtT_t_rSgNk3gH6Uc8G3Qxg=s32-c-k-c0x00ffffff-no-rj,2023-06-08T20:24:00.000Z,HaR 3,,????王,0:04:25,ChwKGkNKXzJzN19GaHY0Q0ZYWEJ3Z1FkRjhJRDJR
https://yt4.ggpht.com/_1-XU1fFl_XtuXWCFapsLuzKJMRzAa95BpaCPPE8CpkpwGono27lYQJ3jKOlpVrod6Bg_CDXGJA=s32-c-k-c0x00ffffff-no-rj,2023-06-08T20:26:00.000Z,いみたす,,BGM最高,0:04:26,ChwKGkNKdl9oOERGaHY0Q0ZXM0N3Z1FkZ1JNS0NR
https://yt4.ggpht.com/ytc/AGIKgqPn1Ta6GRk1esmktWJiJxs0EpxMBf8C9RzlmikQ=s32-c-k-c0x00ffffff-no-rj,2023-06-08T20:26:00.000Z,つぶあん,,赤冬！？,0:04:26,ChwKGkNQZTlyTURGaHY0Q0ZXM0N3Z1FkZ1JNS0NR
https://yt4.ggpht.com/ytc/AGIKgqOpL8_k8PB8B8iWyCnF4DFIFZJa6_4lyClNdukjATCtGW1b5Kcsm2Jb5VRGZ1rr=s32-c-k-c0x00ffffff-no-rj,2023-06-08T20:28:00.000Z,antifaイキスギ支部,,草,0:04:28,ChwKGkNMelAtY0RGaHY0Q0ZaMFdyUVlkeFZJRy1R
https://yt4.ggpht.com/VGrI6Wv5Su__-rezOzlSkMDncZiMsnf0mjLc7GJVppDZRYFUo2wjaq7Z3gTBs1rgMh1f3KFH0F8=s32-c-k-c0x00ffffff-no-rj,2023-06-08T20:28:00.000Z,チュンカイ KYN,,草,0:04:28,ChwKGkNMS2VnTUhGaHY0Q0ZUN0N3Z1FkRHRrTEV3
https://yt4.ggpht.com/ytc/AGIKgqOpY66wgfjjqQUZDoOrZbG6SePpdoAOM3m5h2ED=s32-c-k-c0x00ffffff-no-rj,2023-06-08T20:28:00.000Z,Ryuunosuke's Channel,,BGM草,0:04:29,ChwKGkNQSE5yY0hGaHY0Q0ZkTVdyUVlkR0tnTm1R
https://yt4.ggpht.com/ytc/AGIKgqPgcPotmgBTnfmcI9KZ-xyWcOIW8uhYPq0RhJPhkg=s32-c-k-c0x00ffffff-no-rj,2023-06-08T20:29:00.000Z,imoni,,曲曲,0:04:29,ChwKGkNKaTB5OEhGaHY0Q0ZaMFdyUVlkeFZJRy1R
https://yt4.ggpht.com/ytc/AGIKgqPY2ukDXKcpD9ezAp2Nn_I8N9gTTk0WAaWXdDC2=s32-c-k-c0x00ffffff-no-rj,2023-06-08T20:30:00.000Z,たぶおじゃる,,草,0:04:30,ChwKGkNLUEJfOEhGaHY0Q0ZlZ1lyUVlkbVRVTmVB
https://yt4.ggpht.com/aP1aXuWc2qODAWKtdvRplqzIm8EPuZlMrQj6_Ao019oTQDcCDOoQUry3UqBpVAhzPdtYRN8MWw=s32-c-k-c0x00ffffff-no-rj,2023-06-08T20:31:00.000Z,まぐろみかん,,BGM草,0:04:31,ChwKGkNJeml0OExGaHY0Q0ZSZkN3Z1FkVXdrRDlB
https://yt4.ggpht.com/ba80F3I4AwetT9yOy4fR5YPr2ki_SGm3Jlc-_78Pi6KEtmJkDZMBv3z77OoS35qdWs1p2MihDzI=s32-c-k-c0x00ffffff-no-rj,2023-06-08T20:31:00.000Z,しぐ,,bgm草,0:04:31,ChwKGkNKT2t1TUxGaHY0Q0ZkTVdyUVlkR0tnTm1R
https://yt4.ggpht.com/RwkGQTOL0GsPvBwNrGFwPI33bIcorve4-sZG0XcSw6Eh7qR-1dhM-L3RxQU8SC_6yb0V8UmyPQ=s32-c-k-c0x00ffffff-no-rj,2023-06-08T20:32:00.000Z,Mafyu,,赤冬w,0:04:32,ChwKGkNMelA2OExGaHY0Q0ZWNGZyUVlkMnZvTWhn
https://yt4.ggpht.com/xmlZMXXtMuOME6M56PNObcWbN0S5E_hWAXKOVTU2jbe-2fDI9kPx-vX1mJa1Q5SMM0Zy3UI5=s32-c-k-c0x00ffffff-no-rj,2023-06-08T20:35:00.000Z,照り焼き,,笑,0:04:35,ChwKGkNKS1RvY1RGaHY0Q0ZUN0N3Z1FkRHRrTEV3
https://yt4.ggpht.com/ytc/AGIKgqPrVoB3nTEPPrdi9Mk4R9d_-u7pVZUiHHc5SKm8ew=s32-c-k-c0x00ffffff-no-rj,2023-06-08T20:39:00.000Z,ぴなーか,,草,0:04:39,ChwKGkNKbmF2TWJGaHY0Q0ZXckR3Z1FkVXRjR213
https://yt4.ggpht.com/ytc/AGIKgqM9iqXYYzzg5K9UUlHy-DPy6ObVTfgHJWyUHhFd=s32-c-k-c0x00ffffff-no-rj,2023-06-08T20:39:00.000Z,みのるん,,BGM草,0:04:39,ChwKGkNLaWV3Y2JGaHY0Q0ZVckN3Z1FkRHFZSW1R
https://yt4.ggpht.com/ytc/AGIKgqNPyb9pU2KSwitZgjg3zG7lmroMHuNpoh_Jyw=s32-c-k-c0x00ffffff-no-rj,2023-06-08T20:39:00.000Z,???,,赤冬ｗｗ,0:04:39,ChwKGkNOMlp5Y2JGaHY0Q0ZUM0R3Z1FkTGtnSjRn
https://yt4.ggpht.com/ytc/AGIKgqNVwcw2N0593eMcKhG7fYyfuoTueUVqrmTFOoBi=s32-c-k-c0x00ffffff-no-rj,2023-06-08T20:40:00.000Z,hfl dea,,草,0:04:41,ChwKGkNKenloY2ZGaHY0Q0ZWbkR3Z1FkZE1zSGln
https://yt4.ggpht.com/ytc/AGIKgqMAHa_ls_6ZPMZw66WPc3uNQ7ley7hP1W5PPwPs=s32-c-k-c0x00ffffff-no-rj,2023-06-08T20:41:00.000Z,エンジョイ勢,,BGM草,0:04:41,ChwKGkNQbWxtOGZGaHY0Q0ZmTVI1d29kclRnR2xB
https://yt4.ggpht.com/M2FU660LCT_o29aqPRh2GxcbZkrDqUhMRbUCP_SK-mqCrlZliAW2bjwO7QXLKU3JdbuV2uW3=s32-c-k-c0x00ffffff-no-rj,2023-06-08T20:41:00.000Z,セレ,,3万人,0:04:42,ChwKGkNOUG14Y2ZGaHY0Q0ZiSEJ3Z1FkTGVvTFpB
https://yt4.ggpht.com/ytc/AGIKgqP7dcxf3JqWl8zjsWvlCXfNcLTb_Q6SmRH68w=s32-c-k-c0x00ffffff-no-rj,2023-06-08T20:42:00.000Z,しろはす,,BGM草,0:04:42,ChwKGkNOVE8xOGZGaHY0Q0ZWdkR3Z1FkbU5JTV9R
https://yt4.ggpht.com/ytc/AGIKgqMkFTcaoWhIZvfyVG0EBAsgLnW-TjB09fMyB3ZoOA=s32-c-k-c0x00ffffff-no-rj,2023-06-08T20:42:00.000Z,Yuzu,,bgm草,0:04:42,ChwKGkNLSExfTWZGaHY0Q0ZTTEN3Z1FkcWJvSDlB
https://yt4.ggpht.com/ytc/AGIKgqMNLK6et1KiqD1MBnRYz3ITGCqxkOcHvMgXZe4ZDYg=s32-c-k-c0x00ffffff-no-rj,2023-06-08T20:43:00.000Z,紅い狐,,草,0:04:43,ChwKGkNKaTBvTWpGaHY0Q0ZVN0N3Z1FkS21FQS1n
https://yt4.ggpht.com/ytc/AGIKgqNqdc0DmMRQ09a0Ps1ko3GWn_U5KnQMBQV33I0d=s32-c-k-c0x00ffffff-no-rj,2023-06-08T20:45:00.000Z,久違HOMU,,不可以色色,0:04:45,ChwKGkNPWEhoTW5GaHY0Q0ZVckN3Z1FkRHFZSW1R
https://yt4.ggpht.com/ytc/AGIKgqOXWMXwxmR_PSurQ80dbF3Xk2naPOp2Y-GFMOQN=s32-c-k-c0x00ffffff-no-rj,2023-06-08T20:47:00.000Z,リコ,,草,0:04:47,ChwKGkNJUDRfY25GaHY0Q0ZVTEN3Z1FkbVdnUFpB
https://yt4.ggpht.com/ytc/AGIKgqNeoVv5W6Lq3DsnCw9lRS5RKOIDbGd_rKPMdg=s32-c-k-c0x00ffffff-no-rj,2023-06-08T20:50:00.000Z,如月壱,,BGM草,0:04:50,ChwKGkNPSzE0Y3ZGaHY0Q0ZXbkN3Z1FkNjVjTTd3
https://yt4.ggpht.com/ytc/AGIKgqPBGTe5q58NJsJ8y6eU5N-ASuFDqq-qoESMSBGDEA=s32-c-k-c0x00ffffff-no-rj,2023-06-08T20:52:00.000Z,エインヴァスのてすとあかうんと,,bgm草,0:04:53,ChwKGkNLT2Uyc3pGaHY0Q0ZXbkN3Z1FkNjVjTTd3
https://yt4.ggpht.com/ytc/AGIKgqMOpDnVD665zUZE8vMPzKBv4GdW7i-CgdziZdEo=s32-c-k-c0x00ffffff-no-rj,2023-06-08T20:52:00.000Z,とりっく,,草,0:04:53,ChwKGkNJbmMzY3pGaHY0Q0ZWdkN3Z1FkVXFrRW53
https://yt4.ggpht.com/t1AtWc3TZlXGPgXvlehCf_1GzyPxpNPwTMrOXnM_VUs6puvSHk6EwqLAO38NAl3VfDHmZuEqJA=s32-c-k-c0x00ffffff-no-rj,2023-06-08T20:52:00.000Z,hehehedq,,草,0:04:53,ChwKGkNNYkQzc3pGaHY0Q0ZXN0V3Z1FkZUY4RE5R
https://yt4.ggpht.com/ytc/AGIKgqMZF2V09JGwnhZh8hsHGNbdOZKQxez-8tGPXzOjqQ=s32-c-k-c0x00ffffff-no-rj,2023-06-08T20:53:00.000Z,春戸茶和/はるとさわ,,草,0:04:54,ChwKGkNQLUltODNGaHY0Q0ZjN0N3Z1FkTWxNR2xB
https://yt4.ggpht.com/NzqJT9Vaq4YHJBTSPRwERdT68K5aQBb-ulf0UMwVL0MygZ8m4XHql6567wod1v7vgJAqDg67xZI=s32-c-k-c0x00ffffff-no-rj,2023-06-08T20:55:00.000Z,Wind Speed,,愛麗絲愛麗絲愛麗絲,0:04:55,ChwKGkNKSFM2YzNGaHY0Q0ZXUVM1d29kcFFzS21n
https://yt4.ggpht.com/DnTn0HFKZ5W6lHMoU7GgrkVqrf3E4CR9-CBMddUlYQW6-Nm4zLcez-q3ZO2uY2CWFCR2F6RxhA=s32-c-k-c0x00ffffff-no-rj,2023-06-08T20:57:00.000Z,坂口,,最高w,0:04:58,ChwKGkNOZUVsY19GaHY0Q0ZmVER3Z1FkaFRrS2tB
https://yt4.ggpht.com/ytc/AGIKgqNZOs3bTkXFVuK2xLh0ZLuD8ezrf1j5hQDKrJA9Vg=s32-c-k-c0x00ffffff-no-rj,2023-06-08T21:00:00.000Z,O2SJ,,草,0:05:00,ChwKGkNJclRyOURGaHY0Q0ZUQV9yUVlkUHlJR2tn
https://yt4.ggpht.com/ytc/AGIKgqMdqVs96eFBRfas-4FQZ8B-fMAd3hbfSKKqlH4i=s32-c-k-c0x00ffffff-no-rj,2023-06-08T21:00:00.000Z,ゐぬゐ/byte.,,等速直線運動,0:05:00,ChwKGkNNM2d1TkRGaHY0Q0ZYM0N3Z1FkWGNjQjlB
https://yt4.ggpht.com/ytc/AGIKgqNiVfoO9-y41dMYqp_3YfE7TgquPfBcAEuZGNm2jg=s32-c-k-c0x00ffffff-no-rj,2023-06-08T21:01:00.000Z,クエン,,草,0:05:01,ChwKGkNNRDAtdERGaHY0Q0ZmVER3Z1FkaFRrS2tB
https://yt4.ggpht.com/NkENHlElnacNo9YFftLURmi69r4vT4hIlkU05lg8LCXJi5Wl7nlNLKtoPBms5JXW5yWTG2Lmtg=s32-c-k-c0x00ffffff-no-rj,2023-06-08T21:02:00.000Z,じょーぎ,,移動,0:05:02,ChwKGkNJR1htOUhGaHY0Q0ZmVER3Z1FkaFRrS2tB
https://yt4.ggpht.com/kvmVjBc50z4BxsJvME1HSMFiZivzpG2n6A3CUmMHK0f-Ps-wy7NQgkCnP8yJ5dU-KQuiyfVOtO4=s32-c-k-c0x00ffffff-no-rj,2023-06-08T21:05:00.000Z,奈七七,,艹艹艹艹艹艹艹艹艹艹艹艹艹艹艹艹艹艹,0:05:05,ChwKGkNKN3Z4ZExGaHY0Q0ZiVEN3Z1FkRzdZTjhB
https://yt4.ggpht.com/yOgJZBz-moEgamwgn_Wi-1GSJhc4EQQKlowAtRyEnPoMgdRPnWnv5AJFyrIVBBG8B3NzmLZTJw=s32-c-k-c0x00ffffff-no-rj,2023-06-08T21:05:00.000Z,エンヤ-??,,草,0:05:05,ChwKGkNMYm42ZExGaHY0Q0ZmVER3Z1FkaFRrS2tB
https://yt4.ggpht.com/EDNWINGNWVWsebDHbFgMTpkuXYT1Ul79LB-s1HfpmoEBc4FOdyQKN1vz0oaBmW42eg1DnCHf=s32-c-k-c0x00ffffff-no-rj,2023-06-08T21:05:00.000Z,harry lo,,草,0:05:05,ChwKGkNOT3Q3OUxGaHY0Q0ZZUEN3Z1FkVVhnQ093
https://yt4.ggpht.com/ytc/AGIKgqNqzglWV_KN41p9bHDN4guCQ3YiWL2wUXIDl7PIng=s32-c-k-c0x00ffffff-no-rj,2023-06-08T21:06:00.000Z,岩倉もみみ,,草,0:05:06,ChwKGkNMdnFuTlBGaHY0Q0Zhb1JyUVlkYWpVQW1R
https://yt4.ggpht.com/luiaSqgSsY046I1cl_E-UeOX1ie8sbN_cpjMj9Z_pgl5T3U9p1SMlMq8cpw2y2JWrlVnppwJcg=s32-c-k-c0x00ffffff-no-rj,2023-06-08T21:07:00.000Z,改名した『あ』,,草,0:05:07,ChwKGkNLT3N6TlBGaHY0Q0ZhakJ3Z1FkVXZZSTl3
https://yt4.ggpht.com/cGediK_fuqUNkH_Rr7OURWE3DwlV8vYgCdHVgMNe3aFZvu8AKLweMDJvIM0Z2KxG163hlxHmZg=s32-c-k-c0x00ffffff-no-rj,2023-06-08T21:08:00.000Z,yukise,,平行移動ww,0:05:09,ChwKGkNLMzVydFRGaHY0Q0ZXN0V3Z1FkZUY4RE5R
https://yt4.ggpht.com/ytc/AGIKgqN6fQGaaHc2mtLRD15wYQTzMw9RPuGajwPkfo1lKQ=s32-c-k-c0x00ffffff-no-rj,2023-06-08T21:09:00.000Z,サンチ,,不親切～～～～！！！,0:05:09,ChwKGkNNQ195OVRGaHY0Q0ZVSV9yUVlkU2MwRDln
https://yt4.ggpht.com/ytc/AGIKgqNpUJwCJBazrv75T2fdTmgF2iFAaHlWdWkTJbwD=s32-c-k-c0x00ffffff-no-rj,2023-06-08T21:14:00.000Z,ぐーたらベーコン,,??移動,0:05:14,ChwKGkNMdUI3OWJGaHY0Q0ZUN0N3Z1FkRHRrTEV3
https://yt4.ggpht.com/lT2jNSV9jQLVCljlNMtWcJ3OytH7R7fo95bpeespaMIkdw3GILMwZ_wX3irgvHO8wP32NfShWoE=s32-c-k-c0x00ffffff-no-rj,2023-06-08T21:14:00.000Z,SSSS REDMAN,,平行移動ｗｗｗｗｗ,0:05:15,ChwKGkNPX0FvOWZGaHY0Q0ZVTEN3Z1FkbVdnUFpB
https://yt4.ggpht.com/ytc/AGIKgqMwqXwZQRMK1JZvwHhTJl6e7jzWQ9cFln3IX4sb=s32-c-k-c0x00ffffff-no-rj,2023-06-08T21:15:00.000Z,アルマロ,,草,0:05:16,ChwKGkNQZmswOWZGaHY0Q0ZaYkN3Z1FkR0xRTTlB
https://yt4.ggpht.com/ytc/AGIKgqP864XU_-VzwCaMzM_0u3CJndmi2qXYpXV16fLD=s32-c-k-c0x00ffffff-no-rj,2023-06-08T21:18:00.000Z,CBFHell101298,,草,0:05:18,ChwKGkNNUHJfTmpGaHY0Q0Zhb1JyUVlkYWpVQW1R
https://yt4.ggpht.com/mH-wEB9KGaXP-S9HGzyMtJa6Tv_ICLAmX_7TKMObKKCg5dv7X0qALkrsHDVXxENTxZfDE_AQWw=s32-c-k-c0x00ffffff-no-rj,2023-06-08T21:19:00.000Z,れっくす,,並行移動w,0:05:19,ChwKGkNNeTdyTm5GaHY0Q0ZVTVpmUW9kZXBFRUN3
https://yt4.ggpht.com/ytc/AGIKgqM45syOitLvKlrnpFSrQzzkv0i7wmmUUUv0c-vK7Q=s32-c-k-c0x00ffffff-no-rj,2023-06-08T21:19:00.000Z,Ti Tania,,草,0:05:20,ChwKGkNLYjh6ZG5GaHY0Q0ZXX0N3Z1FkeDcwRlFR
https://yt4.ggpht.com/ytc/AGIKgqNwSpOGajZX8NEviEw1YcOF7iE0Rf2bDKrJvA=s32-c-k-c0x00ffffff-no-rj,2023-06-08T21:22:00.000Z,sazaso,,草,0:05:22,ChwKGkNNSzZnZHZGaHY0Q0ZYM0N3Z1FkWGNjQjlB
https://yt4.ggpht.com/ytc/AGIKgqN7GsfKriae12mt7G_W1BSvws3gXoKGhoFIUfPKEA=s32-c-k-c0x00ffffff-no-rj,2023-06-08T21:24:00.000Z,轟雅,,草,0:05:24,ChwKGkNNZU4xdHZGaHY0Q0ZaYkN3Z1FkR0xRTTlB
https://yt4.ggpht.com/mwDXWWqUYLkKdNSg93MxuCmC_ICf-smvwUA30A4Lpztxw_A9d59LeQiojhTWeXG3ssh2M7guIw=s32-c-k-c0x00ffffff-no-rj,2023-06-08T21:26:00.000Z,千分之零点灵,,不愿意画背的屑作,0:05:26,ChwKGkNKWGE2dHpGaHY0Q0ZUQV9yUVlkUHlJR2tn
https://yt4.ggpht.com/_EhLr6YUejdEZqmTN93pdYa1vBiY1KoREvQ0S6qkGRMK4O1n4TbfGajoi5ozyxtZ6sXbm-FWNgQ=s32-c-k-c0x00ffffff-no-rj,2023-06-08T21:27:00.000Z,メメッテ1,,草,0:05:27,ChwKGkNOZXJwOTNGaHY0Q0ZVckN3Z1FkRHFZSW1R
https://yt4.ggpht.com/ytc/AGIKgqPsZaPnvQZHeIRrEy_g2whVUXjyaMyp_xrpJ8gBhA=s32-c-k-c0x00ffffff-no-rj,2023-06-08T21:28:00.000Z,カルシウム入り,,芸細+100点,0:05:28,ChwKGkNMek01OTNGaHY0Q0ZXN0V3Z1FkZUY4RE5R
https://yt4.ggpht.com/ytc/AGIKgqPCpq141cLsfm3mwjDdaC_XzyIrfRWQdd6_zh44=s32-c-k-c0x00ffffff-no-rj,2023-06-08T21:28:00.000Z,いちごひめ,,平行移動w,0:05:28,ChwKGkNJV0E3ZDNGaHY0Q0ZmTVI1d29kclRnR2xB
https://yt4.ggpht.com/mS1IPrVMDsizxzPeKcFT32VURvVn2-e5HXvDZFm0BI4lWI_eHwKr0BM9vayGZjAMGRZxEoHrfQ=s32-c-k-c0x00ffffff-no-rj,2023-06-08T21:28:00.000Z,shinki,,草,0:05:28,ChwKGkNLM183dDNGaHY0Q0ZTTEN3Z1FkcWJvSDlB
https://yt4.ggpht.com/ytc/AGIKgqOx8npsFpCOP757l5Ftfkk8JFW0fezoOG06OcOQqg=s32-c-k-c0x00ffffff-no-rj,2023-06-08T21:29:00.000Z,メルマガ会員登録用アカウント,,??三,0:05:29,ChwKGkNMUEFpdDdGaHY0Q0ZYWEJ3Z1FkRjhJRDJR
https://yt4.ggpht.com/NDTINnKWr6I4kPpCr7Jbgf5SwkescUDRRiom8sbvvc4VHhGIerfF6sEV5mXx5Cwnh-FwcNJh=s32-c-k-c0x00ffffff-no-rj,2023-06-08T21:29:00.000Z,黒鷺,,草,0:05:29,ChwKGkNQRHlpdDdGaHY0Q0ZWekF3Z1FkQVQ0SGt3
https://yt4.ggpht.com/ytc/AGIKgqOVkE8Brq8bgi-dp0izf77L6ndHJvvGBKXVvzT04Q=s32-c-k-c0x00ffffff-no-rj,2023-06-08T21:29:00.000Z,レイフィア:ねこの,,草,0:05:29,ChwKGkNPcTdsOTdGaHY0Q0ZmZkN3Z1FkZkNBRVF3
https://yt4.ggpht.com/VuK4KBtKJcztn3zGm7VUPXKQZUwL7b_cqab_-0cOJC-bPdbyxuHjHHHwsjlYZR6fRy19AyFgyQ=s32-c-k-c0x00ffffff-no-rj,2023-06-08T21:29:00.000Z,ふうりんか　さくらい,,草,0:05:29,ChwKGkNJRFJ0ZDdGaHY0Q0ZiSEJ3Z1FkTGVvTFpB
https://yt4.ggpht.com/ytc/AGIKgqP_LyS_IgmkxzK6d3YyJuXqdE3QgpzuVe1YoWUU=s32-c-k-c0x00ffffff-no-rj,2023-06-08T21:30:00.000Z,雪クモ,,爱丽丝！！！！！！！！！！！,0:05:30,ChwKGkNMeU81dDdGaHY0Q0ZUQV9yUVlkUHlJR2tn
https://yt4.ggpht.com/ytc/AGIKgqPq6-E_j83bj0bJeijzgEKoRpzBiOmZ9kH0HrBY=s32-c-k-c0x00ffffff-no-rj,2023-06-08T21:31:00.000Z,尻面ライダー,,草,0:05:31,ChwKGkNQTG9pZF9GaHY0Q0ZkekN3Z1FkSGFJQ0NR
https://yt4.ggpht.com/ytc/AGIKgqNE5YxAaitX7OnGIw8rMtyHkowg_H5fsQ8o-A=s32-c-k-c0x00ffffff-no-rj,2023-06-08T21:31:00.000Z,souen 000,,草,0:05:32,ChwKGkNPT1JxOV9GaHY0Q0ZjN0N3Z1FkTWxNR2xB
https://yt4.ggpht.com/ytc/AGIKgqNj0_0zOa3ULsau_Iswkrh8QB_rxaCoA85ZOA=s32-c-k-c0x00ffffff-no-rj,2023-06-08T21:32:00.000Z,じゅぴてる,,BGM草,0:05:32,ChwKGkNJNnl6OV9GaHY0Q0ZXUVM1d29kcFFzS21n
https://yt4.ggpht.com/ytc/AGIKgqPGBHs_f7l7AbgChy4AceWC1HQXKasuY0uhkQ=s32-c-k-c0x00ffffff-no-rj,2023-06-08T21:33:00.000Z,sand rock,,草,0:05:33,ChwKGkNJZlo4ZF9GaHY0Q0ZUM0R3Z1FkTGtnSjRn
https://yt4.ggpht.com/ytc/AGIKgqM5WCiOXgm0EVGiwu-8S7ldy0kVXQAxJOHgGn8pyA=s32-c-k-c0x00ffffff-no-rj,2023-06-08T21:33:00.000Z,れか,,草,0:05:33,ChwKGkNOZWNudURGaHY0Q0ZVTEN3Z1FkbVdnUFpB
https://yt4.ggpht.com/ytc/AGIKgqON5sobEAfr6GHpmXd7JHHu0JS5lqOCkOoaww=s32-c-k-c0x00ffffff-no-rj,2023-06-08T21:34:00.000Z,たいちょう,,草,0:05:34,ChwKGkNNWGV3T0RGaHY0Q0ZVN0N3Z1FkS21FQS1n
https://yt4.ggpht.com/ytc/AGIKgqP-Vf3vxtTANukcDfatB7IQuuR3_OzywxUMb8SJ=s32-c-k-c0x00ffffff-no-rj,2023-06-08T21:35:00.000Z,Oneup _,,草,0:05:35,ChwKGkNObnFsdUhGaHY0Q0ZjZXU1UWNkTjhzRWZR
https://yt4.ggpht.com/ytc/AGIKgqN0h2ijKESn30xIgIVjjxY5Pvi28coYu68rqaopUw=s32-c-k-c0x00ffffff-no-rj,2023-06-08T21:35:00.000Z,JohnnyKLawliet,,草,0:05:36,ChwKGkNOM0VwLUhGaHY0Q0ZiVEN3Z1FkRzdZTjhB
https://yt4.ggpht.com/ytc/AGIKgqMr59_ChMIRXej2spFaQoD197rScQVJeRU_3wc=s32-c-k-c0x00ffffff-no-rj,2023-06-08T21:36:00.000Z,かなかな,,草,0:05:36,ChwKGkNNbl91ZUhGaHY0Q0ZVTVpmUW9kZXBFRUN3
https://yt4.ggpht.com/R5mAhiVeHfgYyC8dcTVR8gm3kYUeOyVLPWmgpfDcHSDEEjySPzARG56XEicG4JGgOCJJUKArJA=s32-c-k-c0x00ffffff-no-rj,2023-06-08T21:36:00.000Z,Ryan,,草,0:05:36,ChwKGkNNcmMxT0hGaHY0Q0ZWdkN3Z1FkVXFrRW53
https://yt4.ggpht.com/ytc/AGIKgqN2SHClvQGRXlxtr11cuu5_fiC471CrWtPeZhfDlg=s32-c-k-c0x00ffffff-no-rj,2023-06-08T21:36:00.000Z,Thoma s,,草,0:05:36,ChwKGkNKYXIxLUhGaHY0Q0ZkTVdyUVlkR0tnTm1R
https://yt4.ggpht.com/ytc/AGIKgqNEUCvAQqraZqE_wAiUfD50h_mvvt2HJw9I4_3v=s32-c-k-c0x00ffffff-no-rj,2023-06-08T21:38:00.000Z,こしろ,,草,0:05:38,ChwKGkNPR1N0T0xGaHY0Q0ZkekN3Z1FkSGFJQ0NR
https://yt4.ggpht.com/ytc/AGIKgqMaw_I0VGQPrrPtuAu7FFskfrUu3t-5No9xUqIS=s32-c-k-c0x00ffffff-no-rj,2023-06-08T21:40:00.000Z,ツナ缶,,草,0:05:40,ChwKGkNOR3N1T1BGaHY0Q0ZYM0N3Z1FkWGNjQjlB
https://yt4.ggpht.com/ytc/AGIKgqPamQ19pA7y7ALRLaumZ6SYcNOBuWN_qyjM9SxB=s32-c-k-c0x00ffffff-no-rj,2023-06-08T21:40:00.000Z,扇子,,草,0:05:40,ChwKGkNPS00wT1BGaHY0Q0ZkekN3Z1FkSGFJQ0NR
https://yt4.ggpht.com/BSvlbOfkGNwtnQ2_p63z346bpdEuh8zAfF_WSPrzzjL5MP3rU0C7NXEoiYeJM9ixe_JzKT9lTw=s32-c-k-c0x00ffffff-no-rj,2023-06-08T21:41:00.000Z,明石,,草，搞的跟真的似的,0:05:41,ChwKGkNNZlUyLVBGaHY0Q0ZYckN3Z1FkenFFRHFR
https://yt4.ggpht.com/K66vYgSpkXgQmOjwaITDpgXWogwf68JXwHH-Mp75zO9ZRT4uBhnvGmdr7tT6skbq4Yr6zlNx=s32-c-k-c0x00ffffff-no-rj,2023-06-08T21:41:00.000Z,ヒョウ,,草,0:05:41,ChwKGkNNcWotZVBGaHY0Q0ZjUEJ3Z1Fkc1lvTUdB
https://yt4.ggpht.com/dsMGGYhCjr1bDzrg2jx5SAqHd8saVCFBLEI7Er47qf7NqEtMW9NHiTJuQBmDvV9zZYiVV9kPt5o=s32-c-k-c0x00ffffff-no-rj,2023-06-08T21:41:00.000Z,Kimi,,草,0:05:41,ChwKGkNQRG9oZVRGaHY0Q0ZmVER3Z1FkaFRrS2tB
https://yt4.ggpht.com/ytc/AGIKgqNnsAn2Bk-JNDCCQdIa41uluOeRx_a25m4ukhXutQ=s32-c-k-c0x00ffffff-no-rj,2023-06-08T21:42:00.000Z,ファントム,,草,0:05:42,ChwKGkNOeVRzLVRGaHY0Q0ZaYkN3Z1FkR0xRTTlB
https://yt4.ggpht.com/ytc/AGIKgqNipntKiSRx-9oQr88n2J7N33Vu3TNuwB56jFHA1A=s32-c-k-c0x00ffffff-no-rj,2023-06-08T21:43:00.000Z,Takuan,,草,0:05:44,ChwKGkNLakNoLVhGaHY0Q0ZXbkN3Z1FkNjVjTTd3
https://yt4.ggpht.com/ytc/AGIKgqM8MhyHSHabpe3qtvAvoVMTJpgvHLqfZhj1OXG0Vw=s32-c-k-c0x00ffffff-no-rj,2023-06-08T21:45:00.000Z,roll Spring,,近,0:05:45,ChwKGkNQNnBndWJGaHY0Q0ZWekF3Z1FkQVQ0SGt3
https://yt4.ggpht.com/A9NUs0LO_EHRc-AKWpFQJiBFJylt_cwGPXoic_3S9PpSG1ScI_ysnIF2FnnpYiz-W-_hwITsGMc=s32-c-k-c0x00ffffff-no-rj,2023-06-08T21:46:00.000Z,夜柘榴,,草,0:05:46,ChwKGkNOR3pwZWJGaHY0Q0ZYWEJ3Z1FkRjhJRDJR
https://yt4.ggpht.com/ytc/AGIKgqND07Fpkte22JiHJjCDCXRDcbIsGqmdOE81MKSB1A=s32-c-k-c0x00ffffff-no-rj,2023-06-08T21:46:00.000Z,リン,,草,0:05:46,ChwKGkNPbTFwdWJGaHY0Q0ZaYkN3Z1FkR0xRTTlB
https://yt4.ggpht.com/ytc/AGIKgqNnzaTVLpzV3KEPQuPRk1MdGQzPfd7Lxjg6xn_P=s32-c-k-c0x00ffffff-no-rj,2023-06-08T21:47:00.000Z,_リュウト,,草,0:05:47,ChwKGkNQUFE1T2JGaHY0Q0ZWbkR3Z1FkZE1zSGln
https://yt4.ggpht.com/EEzeVq0AkxjBs0dbtOLzvEGE3w4_ctoihCI4a9xNuJLrJf7G8G7cdmyk6NTwnUlFRAjD9XO9bQ=s32-c-k-c0x00ffffff-no-rj,2023-06-08T21:47:00.000Z,棢铈??,,草,0:05:47,ChwKGkNQajQ3dWJGaHY0Q0ZkekN3Z1FkSGFJQ0NR
https://yt4.ggpht.com/u7i7PO10mkfS7ymf2HvvPVS-ggknIwlpLRTwj4hrDOk4d_wkz4iB2aYiLrb2i4AUMzu0EmLpCw=s32-c-k-c0x00ffffff-no-rj,2023-06-08T21:48:00.000Z,ショボン,,草,0:05:49,ChwKGkNQdmV1ZWZGaHY0Q0ZaNGpyUVlkc25NSmhR
https://yt4.ggpht.com/ytc/AGIKgqOoDQwaDcbHp-cRvYGE1IUKMXDcJqW9fm1R9-AjM30oqqKTqbazURXp6ro8YiTzMbM=s32-c-k-c0x00ffffff-no-rj,2023-06-08T21:49:00.000Z,ポッポ,,草,0:05:49,ChwKGkNOdnV5dWZGaHY0Q0ZTX0R3Z1Fkc1YwSWZR
https://yt4.ggpht.com/ytc/AGIKgqPYOYfblTuwH2xwI8mYbGDiKTAVqjyzNEycKOHxOg=s32-c-k-c0x00ffffff-no-rj,2023-06-08T21:50:00.000Z,drago00x,,草,0:05:50,ChwKGkNQT2ZyT2pGaHY0Q0ZhakJ3Z1FkVXZZSTl3
https://yt4.ggpht.com/ytc/AGIKgqN6fQGaaHc2mtLRD15wYQTzMw9RPuGajwPkfo1lKQ=s32-c-k-c0x00ffffff-no-rj,2023-06-08T21:51:00.000Z,サンチ,,草,0:05:51,ChwKGkNKakR5ZWpGaHY0Q0ZVN0N3Z1FkS21FQS1n
https://yt4.ggpht.com/ytc/AGIKgqPD8fotg69UjLg0qPYVkNl9k1nrLltNul8bu3AHXw=s32-c-k-c0x00ffffff-no-rj,2023-06-08T21:52:00.000Z,たっぷ,,草,0:05:53,ChwKGkNPN3R0dW5GaHY0Q0ZWdkR3Z1FkbU5JTV9R
https://yt4.ggpht.com/ytc/AGIKgqM7kFbCXRDXA5oXdiCk2XsOU-U9M9HnsU33gndS=s32-c-k-c0x00ffffff-no-rj,2023-06-08T21:53:00.000Z,カーファ,,BGM草,0:05:53,ChwKGkNKX1d2ZW5GaHY0Q0ZiSEJ3Z1FkTGVvTFpB
https://yt4.ggpht.com/ytc/AGIKgqM2VKruooAgJXA8qsSIQNmYm1A6NHh3LArlLdgZ=s32-c-k-c0x00ffffff-no-rj,2023-06-08T21:54:00.000Z,諸葛蓮,,早！,0:05:55,ChwKGkNMX2xwdXJGaHY0Q0ZWdkR3Z1FkbU5JTV9R
https://yt4.ggpht.com/ytc/AGIKgqOCEhgRwWXDwmtw5yZT_h4VwLS97_muxG8Otinr=s32-c-k-c0x00ffffff-no-rj,2023-06-08T21:55:00.000Z,オルチスOrtis,,草,0:05:55,ChwKGkNPMjR1T3JGaHY0Q0ZXN0V3Z1FkZUY4RE5R
https://yt4.ggpht.com/1zKIi_iq8wKoCMIXL4BT0lmhGsTmTbBG9zoSKFrjmW-CgjS9WJGG37XjPL0bfHKYjWw82PcG=s32-c-k-c0x00ffffff-no-rj,2023-06-08T21:55:00.000Z,ジャケ次郎,,草,0:05:55,ChwKGkNNSGN4LXJGaHY0Q0ZjWER3Z1FkSEprQjlR
https://yt4.ggpht.com/ytc/AGIKgqOBxDvp5Qj6gqCEJjp8O2IqeCDKjgE2RTBx82sH=s32-c-k-c0x00ffffff-no-rj,2023-06-08T21:55:00.000Z,ヤマトの勇鹿,,草,0:05:56,ChwKGkNKNm42ZXJGaHY0Q0ZSZkN3Z1FkVXdrRDlB
https://yt4.ggpht.com/ytc/AGIKgqPdj6rkNCfdjsLlVHDsivbobhR8iK0xBkbLb8JXuQ=s32-c-k-c0x00ffffff-no-rj,2023-06-08T21:57:00.000Z,龍紋鬼灯丸,,近w,0:05:57,ChwKGkNMaVh6dXZGaHY0Q0ZVckN3Z1FkRHFZSW1R
https://yt4.ggpht.com/ytc/AGIKgqPWarrkUWipXmrS9xxsXZ1Gk7OSu6b7v7tUj2aLPA=s32-c-k-c0x00ffffff-no-rj,2023-06-08T21:58:00.000Z,Grass Crest Shield,,草,0:05:58,ChwKGkNLMmRtT3pGaHY0Q0ZXN0V3Z1FkZUY4RE5R
https://yt4.ggpht.com/ytc/AGIKgqPcr_-KWNubIlaoDONmAhEkMhY9WOD0nq8plhrGig=s32-c-k-c0x00ffffff-no-rj,2023-06-08T22:00:00.000Z,もつか,,草,0:06:00,ChwKGkNQZnM2dXpGaHY0Q0ZXbkN3Z1FkNjVjTTd3
https://yt4.ggpht.com/GOrPjKGF9WXJp7DQKnjJL8ibW9BFMBSzJEKODXi6W3ArvGgSYjNFSEE9U5cxwTCtnRP2vf6T5Xs=s32-c-k-c0x00ffffff-no-rj,2023-06-08T22:01:00.000Z,クロロロ,,草,0:06:01,ChwKGkNQcVh0dTNGaHY0Q0ZlZ1lyUVlkbVRVTmVB
https://yt4.ggpht.com/ytc/AGIKgqOJWxFlXf44RcLPa-ettdODkfvP9mKC0VqJ1w=s32-c-k-c0x00ffffff-no-rj,2023-06-08T22:02:00.000Z,i I,,bgm草,0:06:02,ChwKGkNOSy04TzNGaHY0Q0ZVN0N3Z1FkS21FQS1n
https://yt4.ggpht.com/G2v65YVLmMkJBEzgab77OKch1y-llKn9Iyy88ufJHN0gg1RPbw-K0lJq1n4dN5uPH2TzdaWrWw=s32-c-k-c0x00ffffff-no-rj,2023-06-08T22:03:00.000Z,rabbit4,,草,0:06:03,ChwKGkNMMnN1dTdGaHY0Q0ZVTVpmUW9kZXBFRUN3
https://yt4.ggpht.com/ytc/AGIKgqPcMax9pKfYnbNEYmI_kbfrrnbJtx-qvaS4Uy1PcQ=s32-c-k-c0x00ffffff-no-rj,2023-06-08T22:05:00.000Z,にゃお,,草,0:06:05,ChwKGkNKbVlsLV9GaHY0Q0ZVSV9yUVlkU2MwRDln
https://yt4.ggpht.com/ytc/AGIKgqOoLNpHx8J7Wi5SfGFtbmImOxxXvyWVFzG3_A=s32-c-k-c0x00ffffff-no-rj,2023-06-08T22:05:00.000Z,waynelkk1126,,草,0:06:05,ChwKGkNMZnptT19GaHY0Q0ZXN0V3Z1FkZUY4RE5R
https://yt4.ggpht.com/_MjeJBl3LKgPdCrtoGaNWsfZft022961ZDeQsOsPPLByyK-rwj9DoyK_nQ6yqaFSYaG_SRR1GQ=s32-c-k-c0x00ffffff-no-rj,2023-06-08T22:07:00.000Z,道號華進去了,,小雞雞,0:06:07,ChwKGkNQYW5xUERGaHY0Q0ZTTEN3Z1FkcWJvSDlB
https://yt4.ggpht.com/ytc/AGIKgqPT9_00WO3Zvf0KpoqXGgSgGfaRrJN_xQu0coJMPA=s32-c-k-c0x00ffffff-no-rj,2023-06-08T22:08:00.000Z,くりこ,,豆腐,0:06:08,ChwKGkNJZXowX0RGaHY0Q0ZlX0N3Z1FkSHpNRTlB
https://yt4.ggpht.com/hN7GW8Fr1KRsOBoGGOYHKcRXoDD12hEhfRzyd2Hpb1TAC1KSWYBGxLCMOhVcvQiWw8GI1yR2OQ=s32-c-k-c0x00ffffff-no-rj,2023-06-08T22:08:00.000Z,あずき,,草,0:06:08,ChwKGkNKU0QzUERGaHY0Q0ZiVEN3Z1FkRzdZTjhB
https://yt4.ggpht.com/tftTclW3PznqqwUUaJNIbqkwTuanm5XPq4Z97O8UWssDNJtMZ9rlL8fjzpAGK7tXJa-asJgL3w=s32-c-k-c0x00ffffff-no-rj,2023-06-08T22:11:00.000Z,PP(????),,草,0:06:12,ChwKGkNLYmV0X0xGaHY0Q0ZXN0V3Z1FkZUY4RE5R
https://yt4.ggpht.com/ytc/AGIKgqMG8bw7sU2-9aM7gnQGbNiTtd1RoF6mGgwuTmJGHg=s32-c-k-c0x00ffffff-no-rj,2023-06-08T22:12:00.000Z,だいこん,,高　橋　邦　子,0:06:13,ChwKGkNQakw4ZkxGaHY0Q0ZjUEJ3Z1Fkc1lvTUdB
https://yt4.ggpht.com/o2e7lDC5EAV7pZIQctFdkhyUQRSjEbG4qHL1iVJyl9EDeE76NigtnggJgAbCtAH65Ake3-Ds-mM=s32-c-k-c0x00ffffff-no-rj,2023-06-08T22:13:00.000Z,ri,,豆腐w,0:06:13,ChwKGkNOUDMtX0xGaHY0Q0ZWbkR3Z1FkZE1zSGln
https://yt4.ggpht.com/zsma3qNJnYOxh1spgNsr3sPVRMmznS3I1b9xUN2gYb6_XSsSY7CtsgXZqZ95qNjmj4TiFBb1nA=s32-c-k-c0x00ffffff-no-rj,2023-06-08T22:13:00.000Z,あおいろ,,RTA15秒,0:06:13,ChwKGkNMTFhsdlBGaHY0Q0ZWekF3Z1FkQVQ0SGt3
https://yt4.ggpht.com/afFpNxF1sdaD7ALR4uKfL-VF7pmoAj6fgg8V3_oRYUMn060vLSpYqsumn3olb-2gjb03elJ8=s32-c-k-c0x00ffffff-no-rj,2023-06-08T22:13:00.000Z,ダイアーズイブ,,草,0:06:14,ChwKGkNKdWN0dlBGaHY0Q0ZmVER3Z1FkaFRrS2tB
https://yt4.ggpht.com/ytc/AGIKgqMiT175wFTM1YKd9WFQJxkzcBABuw8ZpknMHxMf-w=s32-c-k-c0x00ffffff-no-rj,2023-06-08T22:14:00.000Z,まどねこ,,草,0:06:14,ChwKGkNLU2Q1X1BGaHY0Q0ZXM0N3Z1FkZ1JNS0NR
https://yt4.ggpht.com/ytc/AGIKgqNEyEH59uj7aIeNxPMPMtaDJzOhj8vD6IqvS0dIhQ=s32-c-k-c0x00ffffff-no-rj,2023-06-08T22:14:00.000Z,クンバ,,草,0:06:14,ChwKGkNKekQ3dlBGaHY0Q0ZhakJ3Z1FkVXZZSTl3
https://yt4.ggpht.com/ytc/AGIKgqNMcwb1Xa_8ETTXHoZ0mF07Kvw_EwjcuCzc99dkdw=s32-c-k-c0x00ffffff-no-rj,2023-06-08T22:15:00.000Z,a,,20凸,0:06:16,ChwKGkNOWEhzUFRGaHY0Q0ZWekF3Z1FkQVQ0SGt3
https://yt4.ggpht.com/yOgJZBz-moEgamwgn_Wi-1GSJhc4EQQKlowAtRyEnPoMgdRPnWnv5AJFyrIVBBG8B3NzmLZTJw=s32-c-k-c0x00ffffff-no-rj,2023-06-08T22:20:00.000Z,エンヤ-??,,草,0:06:20,ChwKGkNQLUlyZmJGaHY0Q0ZXM0N3Z1FkZ1JNS0NR
https://yt4.ggpht.com/ytc/AGIKgqNnnlyI0NZLiBI4LjKkM8QAu7Jr9o8kS2aBrqtfJg=s32-c-k-c0x00ffffff-no-rj,2023-06-08T22:20:00.000Z,ひややっこ,,四桁,0:06:20,ChwKGkNQdmF2UGJGaHY0Q0ZXX0N3Z1FkeDcwRlFR
https://yt4.ggpht.com/nGPhYtTtqzmCoTQfYj3BzdtbBobkqeGJHwPjpKYHDIwg6c9LEsimRVf5vaiXkfzv4YN-etzAkQ=s32-c-k-c0x00ffffff-no-rj,2023-06-08T22:21:00.000Z,desuwa569,,草,0:06:21,ChwKGkNKTEI5dmJGaHY0Q0ZUQV9yUVlkUHlJR2tn
https://yt4.ggpht.com/cd0Silva1f-twtxwRG5xpGDs1lbvVBr4BJa0WSoWFk5SgkgC-k7YURgDViP5bZNcEP7LV4WBHw=s32-c-k-c0x00ffffff-no-rj,2023-06-08T22:24:00.000Z,catt,,近,0:06:24,ChwKGkNLSF92dmpGaHY0Q0ZXckR3Z1FkVXRjR213
https://yt4.ggpht.com/Irmo-0yk0ySe2aU0Ob21rGn2pJG701RPw8_8Do6RCapD1vpCiZ987-MNlJR_21CYtKTQjcz5Vw=s32-c-k-c0x00ffffff-no-rj,2023-06-08T22:25:00.000Z,名無し,,草,0:06:25,ChwKGkNNdl84dmpGaHY0Q0ZjUEJ3Z1Fkc1lvTUdB
https://yt4.ggpht.com/ytc/AGIKgqMTw7_8d2lKptvsvcjkerMPJaovfZjkMjupm6ke=s32-c-k-c0x00ffffff-no-rj,2023-06-08T22:25:00.000Z,あつぽん.,,草,0:06:25,ChwKGkNMU045dmpGaHY0Q0ZlX0N3Z1FkSHpNRTlB
https://yt4.ggpht.com/ADD0SgnQcpBEN8A2ybgIdUYlWExfQwUDMTQS5xjVpFvbli6bKaDMmlNFGwRgFNz2zuMArFIqeg=s32-c-k-c0x00ffffff-no-rj,2023-06-08T22:26:00.000Z,Neo,,強,0:06:26,ChwKGkNKbkNvX25GaHY0Q0ZYM0N3Z1FkWGNjQjlB
https://yt4.ggpht.com/ytc/AGIKgqN3Q9KjJ7HdHFApXBb1lFLuTDzR0ygB2BHXzK3bfw=s32-c-k-c0x00ffffff-no-rj,2023-06-08T22:28:00.000Z,あいうえお,,草,0:06:28,ChwKGkNMZWtwX3JGaHY0Q0ZVckN3Z1FkRHFZSW1R
https://yt4.ggpht.com/PBQf46wOPRAEvCPSIuWDSNdC2xOk_KANdH2_C34JLJB2odS9UE1EOvdniTm47lM7MURw_FahrA=s32-c-k-c0x00ffffff-no-rj,2023-06-08T22:29:00.000Z,みぃ /みみみ教徒,,草,0:06:29,ChwKGkNKX2tfUHJGaHY0Q0ZlX0N3Z1FkSHpNRTlB
https://yt4.ggpht.com/ytc/AGIKgqPzb8AfbxFp4hHyZtRbTb_drVFYlG3bqIDkDA1_Hw=s32-c-k-c0x00ffffff-no-rj,2023-06-08T22:29:00.000Z,朝霞燐,,草,0:06:29,ChwKGkNKTDlfUHJGaHY0Q0ZhRV9yUVlkc0drS1FR
https://yt4.ggpht.com/ytc/AGIKgqNmL9ycnGUQEUfOid-hMcuxrolUnsTmshJWdw=s32-c-k-c0x00ffffff-no-rj,2023-06-08T22:31:00.000Z,タク,,草,0:06:31,ChwKGkNJYVR5X3ZGaHY0Q0ZYWEJ3Z1FkRjhJRDJR
https://yt4.ggpht.com/EGz4yEEFrd_vpMV1AW5h1ygz5REIznVdmJXEPLDih9YyBMTDEmH77uMn5HunL6XqCnisiZYk12A=s32-c-k-c0x00ffffff-no-rj,2023-06-08T22:33:00.000Z,江Sammy-,,草,0:06:33,ChwKGkNPWER5dnpGaHY0Q0ZXN0V3Z1FkZUY4RE5R
https://yt4.ggpht.com/xmlZMXXtMuOME6M56PNObcWbN0S5E_hWAXKOVTU2jbe-2fDI9kPx-vX1mJa1Q5SMM0Zy3UI5=s32-c-k-c0x00ffffff-no-rj,2023-06-08T22:34:00.000Z,照り焼き,,笑笑笑,0:06:34,ChwKGkNNM3ZudjNGaHY0Q0ZmVER3Z1FkaFRrS2tB
https://yt4.ggpht.com/ytc/AGIKgqPUt3AUUMCMOhmcxWQAouM26NVzl_8eVFKqeF6YCafttiEMBDQw05UHivzwksAKK4o=s32-c-k-c0x00ffffff-no-rj,2023-06-08T22:34:00.000Z,りーーーさん,,草,0:06:34,ChwKGkNPX3BwUDNGaHY0Q0ZaNGpyUVlkc25NSmhR
https://yt4.ggpht.com/qMit6m5FaKaoUC7IR0U9T-lbUhR0945GmyJPrgRG1QvYMWYddsn08YHKRs7CqQ2n0YNkUODlcA=s32-c-k-c0x00ffffff-no-rj,2023-06-08T22:37:00.000Z,ユウゾラ-UMA,,草,0:06:37,ChwKGkNNSFg1ZjdGaHY0Q0ZVTEJ3Z1Fkd0FzQm5R
https://yt4.ggpht.com/ytc/AGIKgqNpW5abVBQGPRHpc7_BkKuLd_QjLj4926iWmbcH=s32-c-k-c0x00ffffff-no-rj,2023-06-08T22:37:00.000Z,hioiu,,草,0:06:38,ChwKGkNQcXgtUDdGaHY0Q0ZUTWVmUW9kSkdFUFdB
https://yt4.ggpht.com/wIP-l6x673eBDAvOTdhPd_LY9_2uK1SRRAxhG5rtL1hQpY5PPYTZCwzDQJ2iwMiwAT3mjTMnRw=s32-c-k-c0x00ffffff-no-rj,2023-06-08T22:41:00.000Z,かやはたやかん,,草,0:06:41,ChwKGkNPR2h5WURHaHY0Q0ZjWER3Z1FkSEprQjlR
https://yt4.ggpht.com/ytc/AGIKgqNSayOMv7R7wCSEAuCaMTkyHtEeqXfPVk_Yt4Ur_g=s32-c-k-c0x00ffffff-no-rj,2023-06-08T22:42:00.000Z,NightsΘ,,草,0:06:42,ChwKGkNOUHJsSUhHaHY0Q0ZVckN3Z1FkRHFZSW1R
https://yt4.ggpht.com/xT16lIoV1YaTlGZN5YbNl_mVO1JApyEC3-tFb8iH6VPcd-EQhBoCZ5abqO2C3P8-O2tEIgZLfg=s32-c-k-c0x00ffffff-no-rj,2023-06-08T22:44:00.000Z,玄米,,草,0:06:44,ChwKGkNLZmNfNEhHaHY0Q0ZmZkN3Z1FkZkNBRVF3
https://yt4.ggpht.com/e8GOPwg6mbHrPZrGJ44KrqQnT8Ol7wVh8Kv9bKSIlhsxlKj6Ad5xI9Sgf7D4cdZYtoc8DDb0HdE=s32-c-k-c0x00ffffff-no-rj,2023-06-08T22:45:00.000Z,s-Rice,,草,0:06:45,ChwKGkNPYVF3WUxHaHY0Q0ZVTVpmUW9kZXBFRUN3
https://yt4.ggpht.com/ytc/AGIKgqP3gHZjf3PWEFG1LU8D7rjCQ_UiRZEuHHq-gP1d=s32-c-k-c0x00ffffff-no-rj,2023-06-08T22:46:00.000Z,moge,,転生系RPG,0:06:46,ChwKGkNPYng4b0xHaHY0Q0ZVN0N3Z1FkS21FQS1n
https://yt4.ggpht.com/EpwHu31Ee2lkyWCTVYotV-V_GmgNCO_F8tT_-gBu_qwhJPQC3EcJaZphCefWaU7BFVEmw2ibXQ=s32-c-k-c0x00ffffff-no-rj,2023-06-08T22:47:00.000Z,ひなた,,草,0:06:47,ChwKGkNONnh4SVBHaHY0Q0ZjWER3Z1FkSEprQjlR
https://yt4.ggpht.com/ytc/AGIKgqM9iqXYYzzg5K9UUlHy-DPy6ObVTfgHJWyUHhFd=s32-c-k-c0x00ffffff-no-rj,2023-06-08T22:50:00.000Z,みのるん,,草,0:06:50,ChwKGkNKaVc5WVRHaHY0Q0ZkekN3Z1FkSGFJQ0NR
https://yt4.ggpht.com/bmlTvAXa_CWj6K68oy5AgDnoH6n1ALv7pr3cDcXzLNXtG9RIuV5ux_ButqPslMvWgsTQL0uf=s32-c-k-c0x00ffffff-no-rj,2023-06-08T22:52:00.000Z,エビフライ??,,防御低,0:06:52,ChwKGkNPS3UwWVhHaHY0Q0ZlX0N3Z1FkSHpNRTlB
https://yt4.ggpht.com/0l7uQ0drZ2a49E_di6N-0FBZxpeXQNv_ToDe2NOLWh0ZZjrB1GzrmZdzh0pbI_Cc7PxdwyTLXw=s32-c-k-c0x00ffffff-no-rj,2023-06-08T22:53:00.000Z,ホワイトセサミン,,草,0:06:53,ChwKGkNNSGtvNGJHaHY0Q0ZVN0N3Z1FkS21FQS1n
https://yt4.ggpht.com/ytc/AGIKgqNXgFwwh7fQIf6qhByKBhR8uS4Lm_pmQx5XwA=s32-c-k-c0x00ffffff-no-rj,2023-06-08T22:55:00.000Z,Potato4z,,防御…,0:06:56,ChwKGkNPRGhySWZHaHY0Q0ZXckR3Z1FkVXRjR213
https://yt4.ggpht.com/Y2SDDjnSKrYe6yP1T7OvOmwzQ13aVAt49BbqbR38kz256Cx8q1EdPZRXUIs7X0w2n_2UxX3m=s32-c-k-c0x00ffffff-no-rj,2023-06-08T23:02:00.000Z,ジョンディー,,草,0:07:02,ChwKGkNJbU94NHJHaHY0Q0ZlX0N3Z1FkSHpNRTlB
https://yt4.ggpht.com/TVOUjaWjH0ft3SUJc6LqNahbDaUyrximmRAGTBwZTmepOTHN-bI9m0RqFPdwy270PeG1qa5ccg=s32-c-k-c0x00ffffff-no-rj,2023-06-08T23:03:00.000Z,非処女恐怖症,,最強,0:07:03,ChwKGkNJdkFnSXZHaHY0Q0ZkekN3Z1FkSGFJQ0NR
https://yt4.ggpht.com/ytc/AGIKgqOOSMtGbpyNGDJHpA_9sTDxCfQyXw90r7-hyQ=s32-c-k-c0x00ffffff-no-rj,2023-06-08T23:03:00.000Z,Jones,,草,0:07:03,ChwKGkNMZUNwb3ZHaHY0Q0ZVSV9yUVlkU2MwRDln
https://yt4.ggpht.com/VwYTmjcA4nBMxqJa4bPlyNbZDcMhB2Ln7g--_JHRO0LULRvlWdrFO0k9t693zgFRB7AZNLjh=s32-c-k-c0x00ffffff-no-rj,2023-06-08T23:09:00.000Z,かると狂い,,所幸確！？,0:07:09,ChwKGkNMclIyNDNHaHY0Q0ZjN0N3Z1FkTWxNR2xB
https://yt4.ggpht.com/G9vzKQNywoePI_DscF_1AFiV0qk_EJpNR6WKEP69omR9EVWfdeLhoLx70UwTg-lqLNRgUF0pJw=s32-c-k-c0x00ffffff-no-rj,2023-06-08T23:09:00.000Z,うさぎいぬ,,草,0:07:09,ChwKGkNQclE5STNHaHY0Q0ZUQV9yUVlkUHlJR2tn
https://yt4.ggpht.com/oO3e260GA8cx7HgG6e95sNN-HuC9f0VZlds4-RlF77donc0Np6Q8Hujs-TeQkAThwqvzXo5_OQ=s32-c-k-c0x00ffffff-no-rj,2023-06-08T23:09:00.000Z,るーこと,,草,0:07:09,ChwKGkNKYTEtWTNHaHY0Q0ZmZkN3Z1FkZkNBRVF3
https://yt4.ggpht.com/luiaSqgSsY046I1cl_E-UeOX1ie8sbN_cpjMj9Z_pgl5T3U9p1SMlMq8cpw2y2JWrlVnppwJcg=s32-c-k-c0x00ffffff-no-rj,2023-06-08T23:13:00.000Z,改名した『あ』,,草,0:07:13,ChwKGkNPV3U0b19HaHY0Q0ZmVER3Z1FkaFRrS2tB
https://yt4.ggpht.com/4FGzGV-cmt1vL0A3oiB-xxhpFkge4MFRgoiXaQ-vyFVF-u-cv4eOpOYQqzEHGWUoSxvBlEnj6A=s32-c-k-c0x00ffffff-no-rj,2023-06-08T23:14:00.000Z,保登心愛,,草,0:07:14,ChwKGkNNMnNwWkRHaHY0Q0ZmVER3Z1FkaFRrS2tB
https://yt4.ggpht.com/_chVVDrLANEuLu1ULjZurx2_BB5fgXYQXbw6OEppUux8JHnrYdm-lVNrgZUczBXlxbHWvF9Evpg=s32-c-k-c0x00ffffff-no-rj,2023-06-08T23:14:00.000Z,タケッチ,,草,0:07:14,ChwKGkNMdXZwNURHaHY0Q0ZjWER3Z1FkSEprQjlR
https://yt4.ggpht.com/fDJzu59RWaX3MAoDJvmdMgdQo-pfW3FqjjrMXT_HAjZwZBCZ565DChOWrE8UgAvFWfV9gk5gNMw=s32-c-k-c0x00ffffff-no-rj,2023-06-08T23:14:00.000Z,ばさし,,所確幸！？,0:07:15,ChwKGkNQcm16cERHaHY0Q0ZUTWVmUW9kSkdFUFdB
https://yt4.ggpht.com/D5pcgvGzwhc3jpdxZMNubLElrS8nTwARydMqqwt49JWClnavIqXMfPFR8COjRpZlaUmyId4shw=s32-c-k-c0x00ffffff-no-rj,2023-06-08T23:17:00.000Z,ネガティブ愛好家,,草,0:07:17,ChwKGkNQdjl6SkhHaHY0Q0ZiVEN3Z1FkRzdZTjhB
https://yt4.ggpht.com/ytc/AGIKgqMFXhlQYNt0HHXqPJVWIvpp_RWXEQrIYcaLkNY99Q=s32-c-k-c0x00ffffff-no-rj,2023-06-08T23:17:00.000Z,くらうでぃーれん,,所確幸,0:07:17,ChwKGkNMT1ExcEhHaHY0Q0ZmUEN3Z1FkeDVVSjh3
https://yt4.ggpht.com/ytc/AGIKgqMwqXwZQRMK1JZvwHhTJl6e7jzWQ9cFln3IX4sb=s32-c-k-c0x00ffffff-no-rj,2023-06-08T23:17:00.000Z,アルマロ,,草,0:07:17,ChwKGkNPZno3NUhHaHY0Q0ZUN0N3Z1FkRHRrTEV3
https://yt4.ggpht.com/ytc/AGIKgqNZQm-HO8zVrtylopR2e00zyYAeQ788DhBWFi1Lhw=s32-c-k-c0x00ffffff-no-rj,2023-06-08T23:18:00.000Z,SingTein,,強,0:07:18,ChwKGkNONy1sWkxHaHY0Q0ZWNGZyUVlkMnZvTWhn
https://yt4.ggpht.com/ytc/AGIKgqOv02OgUhtYz_smzeaa8eRLF0hFdFGwnFdQ2FLP=s32-c-k-c0x00ffffff-no-rj,2023-06-08T23:19:00.000Z,志方は神様,,草,0:07:19,ChwKGkNPNjh6SkxHaHY0Q0ZWbkR3Z1FkZE1zSGln
https://yt4.ggpht.com/zKPSIKRQCUYH0Ty0S98vEDZAWU8DQYLjNSXvXzNUiwwQRxDg0hu2H-hcDTBRnfGKDwATTxmWGQ=s32-c-k-c0x00ffffff-no-rj,2023-06-08T23:19:00.000Z,あ,,草,0:07:19,ChwKGkNNVzcwWkxHaHY0Q0ZkekN3Z1FkSGFJQ0NR
https://yt4.ggpht.com/ytc/AGIKgqMrHgk8ksnSCFvkJtuiFxPHbAP5XKAJjsmK3KRgLw=s32-c-k-c0x00ffffff-no-rj,2023-06-08T23:19:00.000Z,GORDON,,草,0:07:19,ChwKGkNMU20wNUxHaHY0Q0ZaMFdyUVlkeFZJRy1R
https://yt4.ggpht.com/ytc/AGIKgqOglA87G5Y-iLL-wf_oRyPTAtF41Qhh03K__K_H-A=s32-c-k-c0x00ffffff-no-rj,2023-06-08T23:23:00.000Z,にゃんにゃこにゃ,,草,0:07:23,ChwKGkNPYUN2cFRHaHY0Q0ZmUEN3Z1FkeDVVSjh3
https://yt4.ggpht.com/ytc/AGIKgqOR17ncjCZm1mDNtUUpqT7m4K9ZxITxCuzR7KE60Q=s32-c-k-c0x00ffffff-no-rj,2023-06-08T23:26:00.000Z,浅利993,,草,0:07:26,ChwKGkNJcjg3WlhHaHY0Q0ZlX0N3Z1FkSHpNRTlB
https://yt4.ggpht.com/ytc/AGIKgqPBNN3rEv-dB2sTeMg2szaNK5-0CUBSdXxk13ZwOQ=s32-c-k-c0x00ffffff-no-rj,2023-06-08T23:27:00.000Z,くろ_QwO,,草,0:07:27,ChwKGkNOckNycGJHaHY0Q0ZXX0N3Z1FkeDcwRlFR
https://yt4.ggpht.com/ytc/AGIKgqN1OdvJrstKxGO4Mo9ayeQEMYK7HxbgRp1YyE4vdQ=s32-c-k-c0x00ffffff-no-rj,2023-06-08T23:27:00.000Z,waso ko,,草,0:07:28,ChwKGkNLWGIycGJHaHY0Q0ZVckN3Z1FkRHFZSW1R
https://yt4.ggpht.com/ytc/AGIKgqP0F-vxKh4qnDAVb3h-bqnGl-Bc7pgCct0hberRUHEv3A=s32-c-k-c0x00ffffff-no-rj,2023-06-08T23:29:00.000Z,猫猫辣椒酱,,草,0:07:29,ChwKGkNOZmVwcGZHaHY0Q0ZXX0N3Z1FkeDcwRlFR
https://yt4.ggpht.com/ytc/AGIKgqPUt3AUUMCMOhmcxWQAouM26NVzl_8eVFKqeF6YCafttiEMBDQw05UHivzwksAKK4o=s32-c-k-c0x00ffffff-no-rj,2023-06-08T23:29:00.000Z,りーーーさん,,草,0:07:29,ChwKGkNJdlR4NWZHaHY0Q0ZWbkR3Z1FkZE1zSGln
https://yt4.ggpht.com/ytc/AGIKgqMeRZA3NAl2RLNFq8UDOFeQb1wTNKtxBptsdu1YizLP3fPDfO-7fdV8DlZg0bzSXmE=s32-c-k-c0x00ffffff-no-rj,2023-06-08T23:30:00.000Z,ユニちゃんズ,,草,0:07:30,ChwKGkNQclZpNWpHaHY0Q0ZVTEJ3Z1Fkd0FzQm5R
https://yt4.ggpht.com/ytc/AGIKgqO-9UkMfELVSSBz1xdReD8QCMm-B15-nf_4e1817Q=s32-c-k-c0x00ffffff-no-rj,2023-06-08T23:31:00.000Z,MSK,,草,0:07:31,ChwKGkNPV3F2SmpHaHY0Q0ZVTEN3Z1FkbVdnUFpB
https://yt4.ggpht.com/ytc/AGIKgqMrHgk8ksnSCFvkJtuiFxPHbAP5XKAJjsmK3KRgLw=s32-c-k-c0x00ffffff-no-rj,2023-06-08T23:31:00.000Z,GORDON,,逃跑了 草,0:07:31,ChwKGkNOU1p5WmpHaHY0Q0ZlZ1lyUVlkbVRVTmVB
https://yt4.ggpht.com/ytc/AGIKgqPR6KCZemsmhD3lYb4O05dvpHp6Bl3WfZSXu6MG7Q=s32-c-k-c0x00ffffff-no-rj,2023-06-08T23:33:00.000Z,AyameSuki,,草,0:07:33,ChwKGkNLYU5rSm5HaHY0Q0Zhb1JyUVlkYWpVQW1R
https://yt4.ggpht.com/ytc/AGIKgqOpQqhj8QIrVUD5HEQVADOBM_FqtY6xksqbf657=s32-c-k-c0x00ffffff-no-rj,2023-06-08T23:33:00.000Z,zz岩,,天才,0:07:33,ChwKGkNKUE51Wm5HaHY0Q0ZWekF3Z1FkQVQ0SGt3
https://yt4.ggpht.com/oO3e260GA8cx7HgG6e95sNN-HuC9f0VZlds4-RlF77donc0Np6Q8Hujs-TeQkAThwqvzXo5_OQ=s32-c-k-c0x00ffffff-no-rj,2023-06-08T23:43:00.000Z,るーこと,,草,0:07:43,ChwKGkNQSFJsWjdHaHY0Q0ZSZkN3Z1FkVXdrRDlB
https://yt4.ggpht.com/ytc/AGIKgqMDtR1mI7VTMdIB2GhqLKam8HFjAn2G_mEqPUyIkA=s32-c-k-c0x00ffffff-no-rj,2023-06-08T23:46:00.000Z,にゃるせ,,草,0:07:46,ChwKGkNLanl2Wl9HaHY0Q0ZmUEN3Z1FkeDVVSjh3
https://yt4.ggpht.com/ytc/AGIKgqPORcriXkrxRfv6xXvJNH0syvkDtX6stG8rxN3Lzg=s32-c-k-c0x00ffffff-no-rj,2023-06-08T23:50:00.000Z,野良さぶれ,,草,0:07:51,ChwKGkNLSEl6YUhHaHY0Q0ZVTEN3Z1FkbVdnUFpB
https://yt4.ggpht.com/ytc/AGIKgqPVoErey5_TDVIRtkwWGZqBLXjlO22siga3Ow=s32-c-k-c0x00ffffff-no-rj,2023-06-08T23:53:00.000Z,おぞに,,草,0:07:53,ChwKGkNLWDFpS1BHaHY0Q0ZWbkR3Z1FkZE1zSGln
https://yt4.ggpht.com/ytc/AGIKgqP6X0-jgXNBghtTwTLT9gKl_PZwWnrRQ4_irA=s32-c-k-c0x00ffffff-no-rj,2023-06-08T23:57:00.000Z,ルルル,,草,0:07:57,ChwKGkNKR1oxcVRHaHY0Q0ZXUVM1d29kcFFzS21n
https://yt4.ggpht.com/3bo82oxIYdUQXdyQ7UrRIZXKNahXbAD9z_LXmqIhq8HdZLxdbQWqR2AviWjU46WT1YQ3JwEc=s32-c-k-c0x00ffffff-no-rj,2023-06-09T00:02:00.000Z,六五三,,症候群,0:08:02,ChwKGkNLcUdncWZHaHY0Q0ZXckR3Z1FkVXRjR213
https://yt4.ggpht.com/-IiFdrrEXUNzwwNb8JLxhFC7rwsWtxDf6fugWgS9ZFd6wT9KDDRN5gPSuY8JiahSNg1GF4xeBQ=s32-c-k-c0x00ffffff-no-rj,2023-06-09T00:09:00.000Z,オカワリ,,草,0:08:09,ChwKGkNPdUoyYXJHaHY0Q0ZUN0N3Z1FkRHRrTEV3
https://yt4.ggpht.com/BSvlbOfkGNwtnQ2_p63z346bpdEuh8zAfF_WSPrzzjL5MP3rU0C7NXEoiYeJM9ixe_JzKT9lTw=s32-c-k-c0x00ffffff-no-rj,2023-06-09T00:14:00.000Z,明石,,草,0:08:14,ChwKGkNPWEFfcXpHaHY0Q0ZmUEN3Z1FkeDVVSjh3
https://yt4.ggpht.com/ytc/AGIKgqM6SXfvewZvgfWZqOk5sddA_Rtd6suY5TOKCVSb=s32-c-k-c0x00ffffff-no-rj,2023-06-09T00:14:00.000Z,八蜜,,石1200,0:08:14,ChwKGkNLalRfcXpHaHY0Q0ZmVER3Z1FkaFRrS2tB
https://yt4.ggpht.com/GIs4KB-yEKB-MVzxVsgq3yB9UjsSi2ykhJ_Rz0pxRcivNDSMvAUJ776SebnhhnLJa77lKKU04Q=s32-c-k-c0x00ffffff-no-rj,2023-06-09T00:14:00.000Z,ato,,強w,0:08:15,ChwKGkNKWERocTNHaHY0Q0ZXM0N3Z1FkZ1JNS0NR
https://yt4.ggpht.com/aP1aXuWc2qODAWKtdvRplqzIm8EPuZlMrQj6_Ao019oTQDcCDOoQUry3UqBpVAhzPdtYRN8MWw=s32-c-k-c0x00ffffff-no-rj,2023-06-09T00:15:00.000Z,まぐろみかん,,草,0:08:15,ChwKGkNOcnRyYTNHaHY0Q0ZYX0N3Z1FkcEZFS0dR
https://yt4.ggpht.com/ytc/AGIKgqOzT17YD4g8KMcTeCHTK7PHWAilZnxgi-9Mzyh-gQ=s32-c-k-c0x00ffffff-no-rj,2023-06-09T00:16:00.000Z,ドラゴンゾンビ,,草,0:08:16,ChwKGkNMN1YwNjNHaHY0Q0ZYWEJ3Z1FkRjhJRDJR
https://yt4.ggpht.com/ytc/AGIKgqNdn2Ly8sQGc_tTFJlcrMZ7FKjx0pc99qva-ioJIQ=s32-c-k-c0x00ffffff-no-rj,2023-06-09T00:18:00.000Z,レイザー,,症候群！？,0:08:18,ChwKGkNPbmp5cTdHaHY0Q0ZYWEJ3Z1FkRjhJRDJR
https://yt4.ggpht.com/kvmVjBc50z4BxsJvME1HSMFiZivzpG2n6A3CUmMHK0f-Ps-wy7NQgkCnP8yJ5dU-KQuiyfVOtO4=s32-c-k-c0x00ffffff-no-rj,2023-06-09T00:18:00.000Z,奈七七,,艹艹艹艹艹艹,0:08:19,ChwKGkNLTC1nS19HaHY0Q0ZlX0N3Z1FkSHpNRTlB
https://yt4.ggpht.com/AF_x_5A52rT528RsRCOn4e7B9mW-bnCgQEfAxp71g_kOjbdb1wej7Yp1pxSKj6yqiqbR1GRYHw=s32-c-k-c0x00ffffff-no-rj,2023-06-09T00:19:00.000Z,ゆーなり,,最高??,0:08:19,ChwKGkNLREFzS19HaHY0Q0ZjWER3Z1FkSEprQjlR
https://yt4.ggpht.com/ytc/AGIKgqNfILg9o8RbTowRlPTMq5EiOT76GNhPAwA4reBWsrU=s32-c-k-c0x00ffffff-no-rj,2023-06-09T00:21:00.000Z,青坂雪,,草,0:08:21,ChwKGkNQZllyN0RHaHY0Q0ZTTEN3Z1FkcWJvSDlB
https://yt4.ggpht.com/ytc/AGIKgqPSYdLDP7r2S0oCrKdyz1X3W-XG-RdbZeduyJ9AY-E=s32-c-k-c0x00ffffff-no-rj,2023-06-09T00:26:00.000Z,Loko,,謝謝 謝謝,0:08:26,ChwKGkNPLWlzN0xHaHY0Q0ZVckN3Z1FkRHFZSW1R
https://yt4.ggpht.com/0ZZneilqIgVMAuRmtDMXMl0D6zVBQ4VeApQVMZpZd_sTd9v6goRrH6vvjHhRTpj1LilLyLKt=s32-c-k-c0x00ffffff-no-rj,2023-06-09T00:30:00.000Z,fき,,FF草,0:08:30,ChwKGkNJUFl2TFRHaHY0Q0ZkekN3Z1FkSGFJQ0NR
https://yt4.ggpht.com/ytc/AGIKgqMNgjYT693rd9E2CAgIOFN_ioRJ4uj5xBD_XiXq=s32-c-k-c0x00ffffff-no-rj,2023-06-09T00:33:00.000Z,花奏子,,草,0:08:33,ChwKGkNLT0g1YlhHaHY0Q0ZUM0R3Z1FkTGtnSjRn
https://yt4.ggpht.com/ytc/AGIKgqNeMhq1gLTiEBA0EoIJSnNNMu4HA4R6S8LlIaFH=s32-c-k-c0x00ffffff-no-rj,2023-06-09T00:42:00.000Z,佐久間紫,,草,0:08:42,ChwKGkNOYmdpcnJHaHY0Q0ZlZ1lyUVlkbVRVTmVB
https://yt4.ggpht.com/ytc/AGIKgqPlvbl21pIZMuNvZBUNrhAU3FItAUVZWAeDgmh9JQ=s32-c-k-c0x00ffffff-no-rj,2023-06-09T00:43:00.000Z,相沢えいこ,,草,0:08:43,ChwKGkNLekkzYnJHaHY0Q0ZSZkN3Z1FkVXdrRDlB
https://yt4.ggpht.com/ytc/AGIKgqNG_hQX-8me7rru-lcbi51lSSUOYCB9XL2UU7GSYQ=s32-c-k-c0x00ffffff-no-rj,2023-06-09T00:43:00.000Z,NO DATA,,草,0:08:44,ChwKGkNLUDc5YnJHaHY0Q0ZlX0N3Z1FkSHpNRTlB
https://yt4.ggpht.com/ytc/AGIKgqOglA87G5Y-iLL-wf_oRyPTAtF41Qhh03K__K_H-A=s32-c-k-c0x00ffffff-no-rj,2023-06-09T00:44:00.000Z,にゃんにゃこにゃ,,草,0:08:44,ChwKGkNMbUlucnZHaHY0Q0Zhb1JyUVlkYWpVQW1R
https://yt4.ggpht.com/MrEMMDkvxw2aDbjGAbo9RYTMEitEKJlVaKetG0FXDYrfIXuzLuXLzEbcOzRoq7GMy968FZuWnIM=s32-c-k-c0x00ffffff-no-rj,2023-06-09T00:49:00.000Z,モョコレート,,草,0:08:49,ChwKGkNNRHhyTDNHaHY0Q0ZkTVdyUVlkR0tnTm1R
https://yt4.ggpht.com/oO3e260GA8cx7HgG6e95sNN-HuC9f0VZlds4-RlF77donc0Np6Q8Hujs-TeQkAThwqvzXo5_OQ=s32-c-k-c0x00ffffff-no-rj,2023-06-09T00:52:00.000Z,るーこと,,曲w,0:08:52,ChwKGkNOU3dtYl9HaHY0Q0ZmZkN3Z1FkZkNBRVF3
https://yt4.ggpht.com/ytc/AGIKgqP4l81XMNBrFf5acyzJFj6PlYrcW0e1dadM_IfJ=s32-c-k-c0x00ffffff-no-rj,2023-06-09T00:53:00.000Z,moomin,,草,0:08:53,ChwKGkNQZWFzYl9HaHY0Q0ZUQV9yUVlkUHlJR2tn
https://yt4.ggpht.com/ytc/AGIKgqPOybBkTU8CIYaCP_cCFLYE2Cq9xP0iYmx950kaBA=s32-c-k-c0x00ffffff-no-rj,2023-06-09T00:55:00.000Z,takuto,,草,0:08:55,ChwKGkNQS3N0TURHaHY0Q0ZWNGZyUVlkMnZvTWhn
https://yt4.ggpht.com/e8GOPwg6mbHrPZrGJ44KrqQnT8Ol7wVh8Kv9bKSIlhsxlKj6Ad5xI9Sgf7D4cdZYtoc8DDb0HdE=s32-c-k-c0x00ffffff-no-rj,2023-06-09T00:55:00.000Z,s-Rice,,草,0:08:55,ChwKGkNJQ3N0c0RHaHY0Q0ZaMFdyUVlkeFZJRy1R
https://yt4.ggpht.com/ytc/AGIKgqN3Q7FTolFvemgl7o0F6uNySRgVdfGQ_Z_ULg0zcA=s32-c-k-c0x00ffffff-no-rj,2023-06-09T00:58:00.000Z,小風,,草,0:08:59,ChwKGkNNdVZqTUxHaHY0Q0ZVSV9yUVlkU2MwRDln
https://yt4.ggpht.com/XAadUEGSCBFsXVxuvVFsYrdfGXwNztBtCwUb7ePi4cAcqQNA5MLqilg0clbm3iOuXDQoIH1l=s32-c-k-c0x00ffffff-no-rj,2023-06-09T00:59:00.000Z,Lycoris,,草,0:08:59,ChwKGkNMU2Ftc0xHaHY0Q0ZXX0N3Z1FkeDcwRlFR
https://yt4.ggpht.com/ytc/AGIKgqNVwcw2N0593eMcKhG7fYyfuoTueUVqrmTFOoBi=s32-c-k-c0x00ffffff-no-rj,2023-06-09T01:01:00.000Z,hfl dea,,boss战,0:09:01,ChwKGkNMNm5xOFBHaHY0Q0ZXX0N3Z1FkeDcwRlFR
https://yt4.ggpht.com/rKuETTFWN8egL9jocYPt4McmaBsz9it7wOFSuPZfRiaJd9hgMaDMthxW4jjRVVs4jYy42HF90G8=s32-c-k-c0x00ffffff-no-rj,2023-06-09T01:02:00.000Z,あき,,草,0:09:03,ChwKGkNPZlFfY1BHaHY0Q0ZYM0N3Z1FkWGNjQjlB
https://yt4.ggpht.com/ytc/AGIKgqOZsBZNqprwJLnldym3XTTEj78jLuKiVbY5bcR9=s32-c-k-c0x00ffffff-no-rj,2023-06-09T01:03:00.000Z,白丸,,草,0:09:04,ChwKGkNQTDl1Y1RHaHY0Q0ZWNGZyUVlkMnZvTWhn
https://yt4.ggpht.com/czmUovKK7bVKE8azXvG3oPQ-eSTmuZcFWG9bRRAjXDFb2G0FaCpjLwN2VyC7M2da-Eui7f-cbg=s32-c-k-c0x00ffffff-no-rj,2023-06-09T01:06:00.000Z,it,,草,0:09:06,ChwKGkNPRHU3Y1hHaHY0Q0ZVTEJ3Z1Fkd0FzQm5R
https://yt4.ggpht.com/ytc/AGIKgqOlBXhM4J5wzMNBLUXslwmxGiNWPWSMFdkfWZOUxQ=s32-c-k-c0x00ffffff-no-rj,2023-06-09T01:07:00.000Z,r A,,草,0:09:07,ChwKGkNMbXdoTWJHaHY0Q0ZmUEN3Z1FkeDVVSjh3
https://yt4.ggpht.com/ytc/AGIKgqMN15-znfa8qbV66evo6BE5c0ZsavXG2A7xKLkSBQ=s32-c-k-c0x00ffffff-no-rj,2023-06-09T01:09:00.000Z,Goroku,,草,0:09:09,ChwKGkNNcUpqc2ZHaHY0Q0ZXUVM1d29kcFFzS21n
https://yt4.ggpht.com/ytc/AGIKgqOsHNlb12QE21KmP1g9VExx5ppTbOTSwlOSlA=s32-c-k-c0x00ffffff-no-rj,2023-06-09T01:15:00.000Z,ななこ,,草,0:09:15,ChwKGkNNYUxpTXJHaHY0Q0ZUN0N3Z1FkRHRrTEV3
https://yt4.ggpht.com/ldc2V1RDaW2rL0QlqlkSckuBV7pq5PLyiVQYLB93ztcxDWY4fHRCHA7uLeQQtz-yDpXfEhBFWg=s32-c-k-c0x00ffffff-no-rj,2023-06-09T01:17:00.000Z,冬雛由璃,,草,0:09:17,ChwKGkNKRGY3OHJHaHY0Q0ZmTVI1d29kclRnR2xB
https://yt4.ggpht.com/ytc/AGIKgqPnjyzacx2g2PW4OZIphCF50RcK6Nv4H0b-eEoA=s32-c-k-c0x00ffffff-no-rj,2023-06-09T01:17:00.000Z,Ortelius,,草,0:09:17,ChwKGkNJVEVfY3JHaHY0Q0ZWbkR3Z1FkZE1zSGln
https://yt4.ggpht.com/NDTINnKWr6I4kPpCr7Jbgf5SwkescUDRRiom8sbvvc4VHhGIerfF6sEV5mXx5Cwnh-FwcNJh=s32-c-k-c0x00ffffff-no-rj,2023-06-09T01:21:00.000Z,黒鷺,,草,0:09:21,ChwKGkNQWGs3TXpHaHY0Q0ZXUVM1d29kcFFzS21n
https://yt4.ggpht.com/ytc/AGIKgqM5WCiOXgm0EVGiwu-8S7ldy0kVXQAxJOHgGn8pyA=s32-c-k-c0x00ffffff-no-rj,2023-06-09T01:22:00.000Z,れか,,草,0:09:22,ChwKGkNJZjVqTTNHaHY0Q0ZXbkN3Z1FkNjVjTTd3
https://yt4.ggpht.com/ytc/AGIKgqO5S0AcQyQO2KI1FOWm0s89JFO__OlgzoCopo-K=s32-c-k-c0x00ffffff-no-rj,2023-06-09T01:23:00.000Z,白石雨见,,尼禄好菜,0:09:23,ChwKGkNNM3dfTTNHaHY0Q0ZUQV9yUVlkUHlJR2tn
https://yt4.ggpht.com/ytc/AGIKgqMQp_VCy7N3LFW91DgIo3kmogk9fmqiIyJ_9fwl=s32-c-k-c0x00ffffff-no-rj,2023-06-09T01:24:00.000Z,Ning Lu,,太强了,0:09:24,ChwKGkNOVGxrczdHaHY0Q0ZXN0V3Z1FkZUY4RE5R
https://yt4.ggpht.com/ytc/AGIKgqMrhNOoueEW-CicTnrYrt48-WhT_loVYWf28Fb6uQ=s32-c-k-c0x00ffffff-no-rj,2023-06-09T01:25:00.000Z,そらすず,,草,0:09:26,ChwKGkNLbkYxczdHaHY0Q0ZYWEJ3Z1FkRjhJRDJR
https://yt4.ggpht.com/ytc/AGIKgqOedA2U9UkXZUnJ3gnTWyER5m1a0au1_xkDaYr2=s32-c-k-c0x00ffffff-no-rj,2023-06-09T01:25:00.000Z,神沙映月,,草,0:09:26,ChwKGkNQajI2ODdHaHY0Q0ZWdkN3Z1FkVXFrRW53
https://yt4.ggpht.com/ytc/AGIKgqMD-SWxb-YTBtyY7ofMPEFaNG7BK5pG1fDWmxJwTA=s32-c-k-c0x00ffffff-no-rj,2023-06-09T01:25:00.000Z,ざわ,,草,0:09:26,ChwKGkNJZjE5czdHaHY0Q0ZUM0R3Z1FkTGtnSjRn
https://yt4.ggpht.com/QzufR-h6BTHGEL9_9q_MTeOWDdkzorwaD8jHAuMRDi5eS6cczSq92XtoM0t31Ec2IUbaC0gx2w=s32-c-k-c0x00ffffff-no-rj,2023-06-09T01:27:00.000Z,foxnine 0093,,即死拳,0:09:27,ChwKGkNMejd1OF9HaHY0Q0ZjUEJ3Z1Fkc1lvTUdB
https://yt4.ggpht.com/ytc/AGIKgqMyxbUSprgmlfkl0UdALdG1HdgGLqYuLf3lMw=s32-c-k-c0x00ffffff-no-rj,2023-06-09T01:27:00.000Z,花雨,,草,0:09:27,ChwKGkNNcmQzOF9HaHY0Q0ZjUEJ3Z1Fkc1lvTUdB
https://yt4.ggpht.com/wrA0F8zcrnRv1-HMnFFGcqQgEhbBPGgy-coJVEIoc4hfPdoU3ZHCoOLDebmegomYSNzp8lbk5g=s32-c-k-c0x00ffffff-no-rj,2023-06-09T01:27:00.000Z,夜那,,草,0:09:27,ChwKGkNPU2o1c19HaHY0Q0ZWekF3Z1FkQVQ0SGt3
https://yt4.ggpht.com/ytc/AGIKgqMol2c05pOgOgerhZ8scmHeMlFs3U4n9uh4eg=s32-c-k-c0x00ffffff-no-rj,2023-06-09T01:28:00.000Z,しろくろ,,草,0:09:28,ChwKGkNPcl9udERHaHY0Q0ZlZ1lyUVlkbVRVTmVB
https://yt4.ggpht.com/ytc/AGIKgqN9lbFdtj7dkFTrQgOAZbBKHFN8v0SgwkyCTjU93OBlm8EfJ_O-8JQdnjL_JL5C=s32-c-k-c0x00ffffff-no-rj,2023-06-09T01:30:00.000Z,miki,,草,0:09:30,ChwKGkNKV01fZERHaHY0Q0ZWNGZyUVlkMnZvTWhn
https://yt4.ggpht.com/ytc/AGIKgqNJQE0leAehB8s196TMfK74DCBw1cS90kCm8KP1=s32-c-k-c0x00ffffff-no-rj,2023-06-09T01:30:00.000Z,森熊,,草,0:09:30,ChwKGkNQV2JnOUhHaHY0Q0ZVTEN3Z1FkbVdnUFpB
https://yt4.ggpht.com/ytc/AGIKgqNxP7SqycS1Hs80RjDitPdwTAAv9qjiHRuQ9jxpaA=s32-c-k-c0x00ffffff-no-rj,2023-06-09T01:31:00.000Z,furen,,草,0:09:31,ChwKGkNOdnV1TkhHaHY0Q0ZYX0N3Z1FkcEZFS0dR
https://yt4.ggpht.com/ytc/AGIKgqM7EPHTEj9aF2UPMsi5bUFqDj82-DjuUDPxAx1w=s32-c-k-c0x00ffffff-no-rj,2023-06-09T01:31:00.000Z,ナナシイ,,草,0:09:31,ChwKGkNNM215ZEhHaHY0Q0ZjN0N3Z1FkTWxNR2xB
https://yt4.ggpht.com/MijoSafYV3pKxfLOFIDCojVrePwcpZ951KDB5bCsW_zQzLuK9aQNopwmYBi6r9EO1irbrUkwjw=s32-c-k-c0x00ffffff-no-rj,2023-06-09T01:33:00.000Z,しらたま,,草,0:09:33,ChwKGkNObjIxTkxHaHY0Q0ZlX0N3Z1FkSHpNRTlB
https://yt4.ggpht.com/ytc/AGIKgqOGUg8R-LnZ92MqwWMvEHviEIvd71gvRHLDNrmz5Q=s32-c-k-c0x00ffffff-no-rj,2023-06-09T01:33:00.000Z,tage,,草,0:09:34,ChwKGkNMdUw1TkxHaHY0Q0ZVTVpmUW9kZXBFRUN3
https://yt4.ggpht.com/ytc/AGIKgqMNLK6et1KiqD1MBnRYz3ITGCqxkOcHvMgXZe4ZDYg=s32-c-k-c0x00ffffff-no-rj,2023-06-09T01:35:00.000Z,紅い狐,,草,0:09:35,ChwKGkNJaTBwTlBHaHY0Q0ZlZ1lyUVlkbVRVTmVB
https://yt4.ggpht.com/ytc/AGIKgqNVwcw2N0593eMcKhG7fYyfuoTueUVqrmTFOoBi=s32-c-k-c0x00ffffff-no-rj,2023-06-09T01:36:00.000Z,hfl dea,,草,0:09:37,ChwKGkNKQ2VpOVRHaHY0Q0ZjUEJ3Z1Fkc1lvTUdB
https://yt4.ggpht.com/ytc/AGIKgqNbj4Lrd0C8E4bM56JHwf9ro9w_ybik0sq7h5k11p4GLcr2lgMzaAsbjwYKzllQjIc=s32-c-k-c0x00ffffff-no-rj,2023-06-09T01:37:00.000Z,ポコン,,草,0:09:37,ChwKGkNKek1vdFRHaHY0Q0ZiVEN3Z1FkRzdZTjhB
https://yt4.ggpht.com/ytc/AGIKgqM36uBz0fe85tq3ZrLB3UQfj4p_V2V_EKT_=s32-c-k-c0x00ffffff-no-rj,2023-06-09T01:37:00.000Z,melon musk,,草,0:09:37,ChwKGkNPbVZ6ZFRHaHY0Q0ZaYkN3Z1FkR0xRTTlB
https://yt4.ggpht.com/ytc/AGIKgqNX00UK_1RNoTZEPE34OJk8CWsfabVpppR4ISSX3A=s32-c-k-c0x00ffffff-no-rj,2023-06-09T01:37:00.000Z,Pu Tim,,草,0:09:37,ChwKGkNLRGh6dFRHaHY0Q0ZXckR3Z1FkVXRjR213
https://yt4.ggpht.com/ytc/AGIKgqOUTUaBrVdJzH4NWrq7M1DIqT5ZoIhIj9o4V4PQ=s32-c-k-c0x00ffffff-no-rj,2023-06-09T01:39:00.000Z,ごくまれ,,草,0:09:39,ChwKGkNPZS1xOVhHaHY0Q0ZmVER3Z1FkaFRrS2tB
https://yt4.ggpht.com/ytc/AGIKgqObSdmuiVpGdM6ulXZeuEu74MQ7e0bsRKvULpuI3A=s32-c-k-c0x00ffffff-no-rj,2023-06-09T01:39:00.000Z,ハギモト,,草,0:09:39,ChwKGkNLeUxyOVhHaHY0Q0ZWbkR3Z1FkZE1zSGln
https://yt4.ggpht.com/ytc/AGIKgqNy-o4hiiNtIR29l5cM3uXmCNBhRztQXafddgZY=s32-c-k-c0x00ffffff-no-rj,2023-06-09T01:43:00.000Z,すみえみすず,,草,0:09:43,ChwKGkNQV0ZrOWZHaHY0Q0Zhb1JyUVlkYWpVQW1R
https://yt4.ggpht.com/ytc/AGIKgqMNM65xGe6CwTbt5xEd5PTo-cBt3vty1vSuOljR=s32-c-k-c0x00ffffff-no-rj,2023-06-09T01:43:00.000Z,兼平貴裕,,冷酷算術魔王！？,0:09:43,ChwKGkNOdVBuOWZHaHY0Q0ZmVER3Z1FkaFRrS2tB
https://yt4.ggpht.com/ytc/AGIKgqOI1Lyh7bdj0_YRNd2ZZtRjuprQPUt70Ov63ensiw=s32-c-k-c0x00ffffff-no-rj,2023-06-09T01:43:00.000Z,みょるみょる,,草,0:09:43,ChwKGkNLMmJwdGZHaHY0Q0ZWdkN3Z1FkVXFrRW53
https://yt4.ggpht.com/-IiFdrrEXUNzwwNb8JLxhFC7rwsWtxDf6fugWgS9ZFd6wT9KDDRN5gPSuY8JiahSNg1GF4xeBQ=s32-c-k-c0x00ffffff-no-rj,2023-06-09T01:43:00.000Z,オカワリ,,草,0:09:43,ChwKGkNMNjN2OWZHaHY0Q0ZXN0V3Z1FkZUY4RE5R
https://yt4.ggpht.com/q-HKndeFQ1Dds81RcnkWEKCIqUfAXxpNTUgIRWnY7nkelBZHokd3F5DebmCgpc51U7d0143X=s32-c-k-c0x00ffffff-no-rj,2023-06-09T01:44:00.000Z,すてら,,草,0:09:44,ChwKGkNOTzk0OWZHaHY0Q0ZVSV9yUVlkU2MwRDln
https://yt4.ggpht.com/fCcsR5HyLtnoeB59jOl6VtRNQynZHIz3EHLl26vhRMeVCC7cmL8CSCpz_1NGe82unJL_EfjByQ=s32-c-k-c0x00ffffff-no-rj,2023-06-09T01:45:00.000Z,サウンド,,草,0:09:45,ChwKGkNMalhuOWpHaHY0Q0ZjN0N3Z1FkTWxNR2xB
https://yt4.ggpht.com/ytc/AGIKgqM6AvubYfQwKibXEMarx8YVjdBLvMxCm3GIMg=s32-c-k-c0x00ffffff-no-rj,2023-06-09T01:49:00.000Z,タカキン,,草,0:09:49,ChwKGkNMeWZuZHJHaHY0Q0ZWekF3Z1FkQVQ0SGt3
https://yt4.ggpht.com/ytc/AGIKgqNQNddMe0uaYgadUdxHm7aV-4lpnN70ysGs1nq6KJSlCwyNYrkcNN_5x7Ax0Qss=s32-c-k-c0x00ffffff-no-rj,2023-06-09T01:49:00.000Z,Kim TOIL 金土日,,草,0:09:49,ChwKGkNPRGVxTnJHaHY0Q0ZYM0N3Z1FkWGNjQjlB
https://yt4.ggpht.com/ytc/AGIKgqOWERXYehQi5j030BtqJDfl3iryynlQwcXoLg=s32-c-k-c0x00ffffff-no-rj,2023-06-09T01:53:00.000Z,シャム猫,,草,0:09:53,ChwKGkNLbjJpZHpHaHY0Q0ZiSEJ3Z1FkTGVvTFpB
https://yt4.ggpht.com/ytc/AGIKgqOSc1Ri9QfDXyzjP1Go3BYopfl5UArqztSeZr2T_A=s32-c-k-c0x00ffffff-no-rj,2023-06-09T01:56:00.000Z,かふーしん,,草,0:09:56,ChwKGkNON1JxOTNHaHY0Q0ZVTEN3Z1FkbVdnUFpB
https://yt4.ggpht.com/ytc/AGIKgqMMbWmi9z4--7TuF3r4Lx6Assx2Zq-_gkKSEtnpTA=s32-c-k-c0x00ffffff-no-rj,2023-06-09T01:59:00.000Z,Enterprise,,烂,0:09:59,ChwKGkNOM0MtOTdHaHY0Q0ZVTEJ3Z1Fkd0FzQm5R
https://yt4.ggpht.com/ytc/AGIKgqOpQqhj8QIrVUD5HEQVADOBM_FqtY6xksqbf657=s32-c-k-c0x00ffffff-no-rj,2023-06-09T02:01:00.000Z,zz岩,,草,0:10:01,ChwKGkNKMmZfdF9HaHY0Q0ZXN0V3Z1FkZUY4RE5R
https://yt4.ggpht.com/cs0eIBnyGNlXrbq-b2kv1lfF9K00P8XQkmB8RFCAZsJtDROIBSgSk2LnsT7eb62OJoVxBoXbag=s32-c-k-c0x00ffffff-no-rj,2023-06-09T02:02:00.000Z,あこん,,草,0:10:03,ChwKGkNMM3AwZURHaHY0Q0ZiSEJ3Z1FkTGVvTFpB
https://yt4.ggpht.com/ytc/AGIKgqMol2c05pOgOgerhZ8scmHeMlFs3U4n9uh4eg=s32-c-k-c0x00ffffff-no-rj,2023-06-09T02:03:00.000Z,しろくろ,,草,0:10:03,ChwKGkNPdUQtZURHaHY0Q0ZkTVdyUVlkR0tnTm1R
https://yt4.ggpht.com/pxHFxVAxKtTtTlKmL7sPEKoekrWEFTR2dJSYd_ntMOg2-i9RM17g5NmZJKxFCFLbr-uPeV8gEO0=s32-c-k-c0x00ffffff-no-rj,2023-06-09T02:09:00.000Z,こねこねこ,,体力100kg！？,0:10:09,ChwKGkNJck16T1BHaHY0Q0ZXUER3Z1FkaHI0UG5R
https://yt4.ggpht.com/kvmVjBc50z4BxsJvME1HSMFiZivzpG2n6A3CUmMHK0f-Ps-wy7NQgkCnP8yJ5dU-KQuiyfVOtO4=s32-c-k-c0x00ffffff-no-rj,2023-06-09T02:09:00.000Z,奈七七,,100KG力,0:10:10,ChwKGkNMbnE4dVBHaHY0Q0ZXckR3Z1FkVXRjR213
https://yt4.ggpht.com/ytc/AGIKgqMGjqg1-BUKIupE2vTUiPitnm_mi5qdIhsClzGi2Q=s32-c-k-c0x00ffffff-no-rj,2023-06-09T02:12:00.000Z,神都,,草,0:10:12,ChwKGkNLTDBnT1hHaHY0Q0ZlX0N3Z1FkSHpNRTlB
https://yt4.ggpht.com/ytc/AGIKgqNr40h1BQJvpcsxAq-lNHBBaGxT357iR6PgFG7K=s32-c-k-c0x00ffffff-no-rj,2023-06-09T02:12:00.000Z,藤木,,草,0:10:12,ChwKGkNPS1ptdVhHaHY0Q0ZXbkN3Z1FkNjVjTTd3
https://yt4.ggpht.com/NDTINnKWr6I4kPpCr7Jbgf5SwkescUDRRiom8sbvvc4VHhGIerfF6sEV5mXx5Cwnh-FwcNJh=s32-c-k-c0x00ffffff-no-rj,2023-06-09T02:13:00.000Z,黒鷺,,草,0:10:13,ChwKGkNJcXJ4dVhHaHY0Q0ZmZkN3Z1FkZkNBRVF3
https://yt4.ggpht.com/ytc/AGIKgqOPt9s8DiL5AnJBo8U1SoAsjUM8195vnwcNGg=s32-c-k-c0x00ffffff-no-rj,2023-06-09T02:16:00.000Z,Yh Rutilecon,,草,0:10:16,ChwKGkNMUHRqZWZHaHY0Q0ZjUEJ3Z1Fkc1lvTUdB
https://yt4.ggpht.com/ytc/AGIKgqMCclGS_lUQLRnBzIEG2hQbdI7ij1lxyI5Y001v=s32-c-k-c0x00ffffff-no-rj,2023-06-09T02:17:00.000Z,八千代舞,,草,0:10:17,ChwKGkNNUDl1LWZHaHY0Q0ZWdkN3Z1FkVXFrRW53
https://yt4.ggpht.com/1OUANktqlrIoBe6ukRhWOVYhQnoxY7wiwyJBml2a1jlgeBgCaR8aqz_UhFZrZmKX57emgfILUq4=s32-c-k-c0x00ffffff-no-rj,2023-06-09T02:17:00.000Z,雪神子セラ(ミコセラ),,草,0:10:17,ChwKGkNOei12ZWZHaHY0Q0ZVN0N3Z1FkS21FQS1n
https://yt4.ggpht.com/ytc/AGIKgqNzRsblnDBZ_UhLzVrwGbYrYjrFxGTlVRdI7xcf=s32-c-k-c0x00ffffff-no-rj,2023-06-09T02:18:00.000Z,min u,,草,0:10:19,ChwKGkNMVG1uT2pHaHY0Q0ZiVEN3Z1FkRzdZTjhB
https://yt4.ggpht.com/ytc/AGIKgqPbMtNx9ZKRiItyCqaKtSQRLjBw95OCxinHTeO9jw=s32-c-k-c0x00ffffff-no-rj,2023-06-09T02:19:00.000Z,あ,,草,0:10:19,ChwKGkNQTERwZWpHaHY0Q0ZVN0N3Z1FkS21FQS1n
https://yt4.ggpht.com/zFYp1DZ5v52qF7wZ-hrU0VwpRLoiydxC0CFCte2W1Pb4YyWIOVeCOSuvwfhcVxxdTIq4c9RknA=s32-c-k-c0x00ffffff-no-rj,2023-06-09T02:20:00.000Z,ラムネ,,草,0:10:20,ChwKGkNKdkg1LWpHaHY0Q0ZlZ1lyUVlkbVRVTmVB
https://yt4.ggpht.com/ytc/AGIKgqPORcriXkrxRfv6xXvJNH0syvkDtX6stG8rxN3Lzg=s32-c-k-c0x00ffffff-no-rj,2023-06-09T02:20:00.000Z,野良さぶれ,,草,0:10:20,ChwKGkNOaWNfT2pHaHY0Q0ZXN0V3Z1FkZUY4RE5R
https://yt4.ggpht.com/ytc/AGIKgqMc9VymwAkIcPWpOXAx8JUbFpf6iDVDKApVmn0q=s32-c-k-c0x00ffffff-no-rj,2023-06-09T02:20:00.000Z,タフマン,,草,0:10:21,ChwKGkNJQzJqLW5HaHY0Q0ZmTVI1d29kclRnR2xB
https://yt4.ggpht.com/ytc/AGIKgqPfmATVzW4ZGbkw5_qDpBzRvcQlKzD0F38JcpenVQ=s32-c-k-c0x00ffffff-no-rj,2023-06-09T02:22:00.000Z,ばい,,草,0:10:22,ChwKGkNMYjMzdW5HaHY0Q0ZVTVpmUW9kZXBFRUN3
https://yt4.ggpht.com/ytc/AGIKgqNjWTnJcPprgJL0szjYoPc3U-gzTVwJLBJPNRlv-g=s32-c-k-c0x00ffffff-no-rj,2023-06-09T02:22:00.000Z,Nicol / にこる,,草,0:10:22,ChwKGkNOS3RpT3JHaHY0Q0ZXbkN3Z1FkNjVjTTd3
https://yt4.ggpht.com/C_9VsuxJOzYIVhSyIB56kHgcrENY0Z-o5Fgx3jZA-U2BDVtz0ZFjDDEuZOK2X4mjw8o4m7Di3Mg=s32-c-k-c0x00ffffff-no-rj,2023-06-09T02:22:00.000Z,baysui,,草,0:10:23,ChwKGkNLNi1rT3JHaHY0Q0ZVTEJ3Z1Fkd0FzQm5R
https://yt4.ggpht.com/ytc/AGIKgqOwZ5EVjrycwEdT8mhVuvHZl80PUyKBQubBoPJe=s32-c-k-c0x00ffffff-no-rj,2023-06-09T02:23:00.000Z,ぶろっこりー,,草,0:10:23,ChwKGkNKbjFvZXJHaHY0Q0ZXM0N3Z1FkZ1JNS0NR
https://yt4.ggpht.com/ytc/AGIKgqNMbqHzieGJqfdABfJoVtNgaC9SUSoRVfsVIPyw-w=s32-c-k-c0x00ffffff-no-rj,2023-06-09T02:23:00.000Z,フローライト,,草,0:10:23,ChwKGkNLbV91dXJHaHY0Q0ZXM0N3Z1FkZ1JNS0NR
https://yt4.ggpht.com/ytc/AGIKgqPd_sPOJIAiB4Z5uZvSyFGBj1deC57Ux25ca-gP=s32-c-k-c0x00ffffff-no-rj,2023-06-09T02:23:00.000Z,おにぎりしらさん,,草,0:10:23,ChwKGkNPYkt5LXJHaHY0Q0ZUM0R3Z1FkTGtnSjRn
https://yt4.ggpht.com/ytc/AGIKgqNwSpOGajZX8NEviEw1YcOF7iE0Rf2bDKrJvA=s32-c-k-c0x00ffffff-no-rj,2023-06-09T02:23:00.000Z,sazaso,,草,0:10:24,ChwKGkNMUFowT3JHaHY0Q0ZjUEJ3Z1Fkc1lvTUdB
https://yt4.ggpht.com/ytc/AGIKgqNNn02b0_g90-B5n_AT6h6rc7hK5SfIQ3yiwg=s32-c-k-c0x00ffffff-no-rj,2023-06-09T02:24:00.000Z,いもけん,,草,0:10:24,ChwKGkNLMlEyZXJHaHY0Q0ZlX0N3Z1FkSHpNRTlB
https://yt4.ggpht.com/ytc/AGIKgqO9CaQe38x8Dkd1DUZv6mrpLJzWJyzKX3d_fhDF=s32-c-k-c0x00ffffff-no-rj,2023-06-09T02:24:00.000Z,Kaede Jasmine,,草,0:10:24,ChwKGkNJNmU1dXJHaHY0Q0ZYM0N3Z1FkWGNjQjlB
https://yt4.ggpht.com/oLpSJbk7RqKUj4DemxVOXUCNQszhk7wf5cA6He1rBYzlyLFYOCAfrO96ov7tUxX-bSd8WhQFhg=s32-c-k-c0x00ffffff-no-rj,2023-06-09T02:24:00.000Z,はしたかさん,,草,0:10:25,ChwKGkNLYnJoLXZHaHY0Q0ZUM0R3Z1FkTGtnSjRn
https://yt4.ggpht.com/XvcIbTMDM8zIxsLsYpRzNzKPV8x5KICw22RYRBJ8NZrHL5dAkd3yPaLeS5qYNAZWzZ2MQCJwHQ=s32-c-k-c0x00ffffff-no-rj,2023-06-09T02:25:00.000Z,なんとなく,,草,0:10:25,ChwKGkNQSGpvZXZHaHY0Q0ZiSEJ3Z1FkTGVvTFpB
https://yt4.ggpht.com/VGrI6Wv5Su__-rezOzlSkMDncZiMsnf0mjLc7GJVppDZRYFUo2wjaq7Z3gTBs1rgMh1f3KFH0F8=s32-c-k-c0x00ffffff-no-rj,2023-06-09T02:25:00.000Z,チュンカイ KYN,,草,0:10:25,ChwKGkNQUEtzT3ZHaHY0Q0ZUTWVmUW9kSkdFUFdB
https://yt4.ggpht.com/ytc/AGIKgqM2173vKMXlK0tnAz9c1l4-ClgiN2uOPfJg1OZI=s32-c-k-c0x00ffffff-no-rj,2023-06-09T02:25:00.000Z,Kuma_Ta,,草,0:10:25,ChwKGkNONm90T3ZHaHY0Q0ZlX0N3Z1FkSHpNRTlB
https://yt4.ggpht.com/ytc/AGIKgqP4l81XMNBrFf5acyzJFj6PlYrcW0e1dadM_IfJ=s32-c-k-c0x00ffffff-no-rj,2023-06-09T02:25:00.000Z,moomin,,草,0:10:26,ChwKGkNQblB3dXZHaHY0Q0ZjUEJ3Z1Fkc1lvTUdB
https://yt4.ggpht.com/mH-wEB9KGaXP-S9HGzyMtJa6Tv_ICLAmX_7TKMObKKCg5dv7X0qALkrsHDVXxENTxZfDE_AQWw=s32-c-k-c0x00ffffff-no-rj,2023-06-09T02:25:00.000Z,れっくす,,草,0:10:26,ChwKGkNKRFp5LXZHaHY0Q0ZWbkR3Z1FkZE1zSGln
https://yt4.ggpht.com/ytc/AGIKgqN1aNBOqUnsZwrL4-mDWpngmgWT_P6xUUGTGYf69A=s32-c-k-c0x00ffffff-no-rj,2023-06-09T02:26:00.000Z,ほにゃららふんだらら,,草,0:10:26,ChwKGkNQT0ozLXZHaHY0Q0ZVSV9yUVlkU2MwRDln
https://yt4.ggpht.com/ytc/AGIKgqPWeDUZLYbEoBRy2gdY6IyDc8ZEXbZ4ISmuOjnI=s32-c-k-c0x00ffffff-no-rj,2023-06-09T02:26:00.000Z,啓介三原,,草,0:10:26,ChwKGkNOMnUzLXZHaHY0Q0ZZUEN3Z1FkVVhnQ093
https://yt4.ggpht.com/G2v65YVLmMkJBEzgab77OKch1y-llKn9Iyy88ufJHN0gg1RPbw-K0lJq1n4dN5uPH2TzdaWrWw=s32-c-k-c0x00ffffff-no-rj,2023-06-09T02:26:00.000Z,rabbit4,,草,0:10:26,ChwKGkNNR3o3ZXZHaHY0Q0ZXbkN3Z1FkNjVjTTd3
https://yt4.ggpht.com/ytc/AGIKgqMCclGS_lUQLRnBzIEG2hQbdI7ij1lxyI5Y001v=s32-c-k-c0x00ffffff-no-rj,2023-06-09T02:26:00.000Z,八千代舞,,草,0:10:26,ChwKGkNOQ09fdXZHaHY0Q0ZYX0N3Z1FkcEZFS0dR
https://yt4.ggpht.com/ytc/AGIKgqPCEtAcrBrWM87rQAahdVJLq9cWSDnFewYxbw=s32-c-k-c0x00ffffff-no-rj,2023-06-09T02:26:00.000Z,しまりん,,草,0:10:27,ChwKGkNKLWFoT3pHaHY0Q0ZjUEJ3Z1Fkc1lvTUdB
https://yt4.ggpht.com/rf1TOAP8WZmcqRUqfk6alAoksCgVGbTrIWaHTV9gR3Bc-Oi76Fi-Yt4k1Sd1jPHUap92pEZIjg=s32-c-k-c0x00ffffff-no-rj,2023-06-09T02:27:00.000Z,DO,,草,0:10:27,ChwKGkNJYkZqdXpHaHY0Q0ZXUVM1d29kcFFzS21n
https://yt4.ggpht.com/ytc/AGIKgqPMA_eDpgUE0-viWNJ3Vwsp0fr9rR0ZISVaxJxS=s32-c-k-c0x00ffffff-no-rj,2023-06-09T02:27:00.000Z,ito konnyaku,,草,0:10:27,ChwKGkNPcUhsLXpHaHY0Q0ZlX0N3Z1FkSHpNRTlB
https://yt4.ggpht.com/ytc/AGIKgqN3B01z1dN-vUIgoijapHNWZnRkFQES_RF2jrm0sw=s32-c-k-c0x00ffffff-no-rj,2023-06-09T02:28:00.000Z,のめめ,,草,0:10:29,ChwKGkNNN00tdXpHaHY0Q0ZSZkN3Z1FkVXdrRDlB
https://yt4.ggpht.com/Uwljr_wuS95m42Ek1JLwLmez-JYFyibfEd0H1jGo9xZdEC6WNIz_BQL_ljGRb5c7XhDvSceD=s32-c-k-c0x00ffffff-no-rj,2023-06-09T02:29:00.000Z,星尾レイ?Hoshio_Ray,,草,0:10:29,ChwKGkNOLWtodTNHaHY0Q0ZjUEJ3Z1Fkc1lvTUdB
https://yt4.ggpht.com/ytc/AGIKgqMol2c05pOgOgerhZ8scmHeMlFs3U4n9uh4eg=s32-c-k-c0x00ffffff-no-rj,2023-06-09T02:29:00.000Z,しろくろ,,草,0:10:30,ChwKGkNKYTR0TzNHaHY0Q0ZVTEN3Z1FkbVdnUFpB
https://yt4.ggpht.com/ytc/AGIKgqMDWN3aLbh_gVA9muEteg9OLh648BjVxMril9Ur2g=s32-c-k-c0x00ffffff-no-rj,2023-06-09T02:30:00.000Z,白猫,,草,0:10:30,ChwKGkNMYTUzZTNHaHY0Q0ZhRV9yUVlkc0drS1FR
https://yt4.ggpht.com/ytc/AGIKgqPgEYTRad-bM8NkyYi3iWqiyjCcOJrUtXvULIXxmw=s32-c-k-c0x00ffffff-no-rj,2023-06-09T02:30:00.000Z,霧夜步,,草,0:10:31,ChwKGkNQLXRfTzNHaHY0Q0ZjWER3Z1FkSEprQjlR
https://yt4.ggpht.com/ytc/AGIKgqO4mj0F1pJ_x12TXFgNLJ5OH8cwAVwcBs6lTEcp=s32-c-k-c0x00ffffff-no-rj,2023-06-09T02:31:00.000Z,ACOG紳士,,草,0:10:31,ChwKGkNOR0ZxTzdHaHY0Q0ZjN0N3Z1FkTWxNR2xB
https://yt4.ggpht.com/ytc/AGIKgqMafZTCWGZ5Ln_h1bBSDHCdlVpA33RlODXW1JozeQ=s32-c-k-c0x00ffffff-no-rj,2023-06-09T02:32:00.000Z,TM Y,,草,0:10:32,ChwKGkNJS0l4TzdHaHY0Q0ZmTVI1d29kclRnR2xB
https://yt4.ggpht.com/ytc/AGIKgqNw6cI5J160RUwSWO0yAA2Wsf4lPkZhwjg4Rw=s32-c-k-c0x00ffffff-no-rj,2023-06-09T02:33:00.000Z,キマ,,草,0:10:33,ChwKGkNPV0RuZV9HaHY0Q0ZXUVM1d29kcFFzS21n
https://yt4.ggpht.com/ytc/AGIKgqM-D5VQLIBhNFZWukPz34ovqPwb3lt8LgtsL54dyw=s32-c-k-c0x00ffffff-no-rj,2023-06-09T02:34:00.000Z,ひっさー,,草,0:10:34,ChwKGkNMTDR2T19HaHY0Q0ZkekN3Z1FkSGFJQ0NR
https://yt4.ggpht.com/ytc/AGIKgqOOVQhAllJ3LCoNfYUWkGzDhQGB8-yYKHlIT9oD=s32-c-k-c0x00ffffff-no-rj,2023-06-09T02:34:00.000Z,ジャバウォック,,草,0:10:34,ChwKGkNNLU8zT19HaHY0Q0ZWdkR3Z1FkbU5JTV9R
https://yt4.ggpht.com/ytc/AGIKgqOkR6ed3ymw32RNOFbsdd697jCamK7jLYDRdG9-LQ=s32-c-k-c0x00ffffff-no-rj,2023-06-09T02:35:00.000Z,剣先ちくわ,,草,0:10:35,ChwKGkNOYWtrX0RHaHY0Q0ZmUEN3Z1FkeDVVSjh3
https://yt4.ggpht.com/ytc/AGIKgqMQp_VCy7N3LFW91DgIo3kmogk9fmqiIyJ_9fwl=s32-c-k-c0x00ffffff-no-rj,2023-06-09T02:35:00.000Z,Ning Lu,,100kg的愤怒,0:10:36,ChwKGkNJelNyZkRHaHY0Q0ZkekN3Z1FkSGFJQ0NR
https://yt4.ggpht.com/ytc/AGIKgqMLP1duXQtcigAFTPpxcFXTpVoCxc6kMjm5QefNxA=s32-c-k-c0x00ffffff-no-rj,2023-06-09T02:37:00.000Z,コノハ,,草,0:10:37,ChwKGkNOWGVpUEhHaHY0Q0ZkekN3Z1FkSGFJQ0NR
https://yt4.ggpht.com/ytc/AGIKgqO0fINR4aZw0A2omSqiJkrAMGhLxzlvpvj3vjEnEg=s32-c-k-c0x00ffffff-no-rj,2023-06-09T02:37:00.000Z,まりも野郎,,草,0:10:37,ChwKGkNQZmlpdkhHaHY0Q0ZWekF3Z1FkQVQ0SGt3
https://yt4.ggpht.com/W2DkKrOdPGeOUHrRsItujdcLcaFSbedBsEAWKCvLjyoMVt1PrDnf6OkYyvzSOsQlyQFGha6FJIA=s32-c-k-c0x00ffffff-no-rj,2023-06-09T02:37:00.000Z,goldcity,,草,0:10:37,ChwKGkNLVHVqZkhHaHY0Q0ZYWEJ3Z1FkRjhJRDJR
https://yt4.ggpht.com/SvXQ7IkKoZjtlOIdBDrn8RLtgritaYBW6ZobgQG2FvTG1pAiydT1vE6c9-d3Lz7O1vhHoW1Rpw=s32-c-k-c0x00ffffff-no-rj,2023-06-09T02:37:00.000Z,日向柊,,草,0:10:37,ChwKGkNQclFrUEhHaHY0Q0ZYX0N3Z1FkcEZFS0dR
https://yt4.ggpht.com/wGkuPkQNYLHp04s2LK1Z2utp6TnUDjqH8DyRG91l-p5Znanh0-2XjwmIROON9egK8j8jJ0IjOVQ=s32-c-k-c0x00ffffff-no-rj,2023-06-09T02:41:00.000Z,真?東雲光琉(しののめみちる),,草,0:10:42,ChwKGkNPLUluZlBHaHY0Q0ZiSEJ3Z1FkTGVvTFpB
https://yt4.ggpht.com/aekcjNzOe5ee88ZljGafPp9WxCGa-XKyWk-WFIxRFb_lonrAE91cjDPn4C2zn5pjNsUvdBa2PA=s32-c-k-c0x00ffffff-no-rj,2023-06-09T02:43:00.000Z,うちのネコはノルウェージャン,,草,0:10:43,ChwKGkNMLUstdlBHaHY0Q0ZVckN3Z1FkRHFZSW1R
https://yt4.ggpht.com/UA0Wj72haoB1Ru94oTEgfYr9YSJR2YZU--ZOXcJjLpW6yX_C2zzwJtV2nE0p4vpKRaT2n3bL=s32-c-k-c0x00ffffff-no-rj,2023-06-09T02:44:00.000Z,ともゴリラ,,草,0:10:44,ChwKGkNOS2ptX1RHaHY0Q0ZVTVpmUW9kZXBFRUN3
https://yt4.ggpht.com/dlseuqvIK11zQ1Q4SczVVzQ1STuA99q9lZoDbh8laNI_oHuxcg5ZMiYKKqofDL23LlZg2VQsDc8=s32-c-k-c0x00ffffff-no-rj,2023-06-09T02:46:00.000Z,オレンジマン,,草,0:10:46,ChwKGkNQR3N0ZlhHaHY0Q0ZWdkN3Z1FkVXFrRW53
https://yt4.ggpht.com/tvTHvIW_Bvo31efDDM-n5KuW5I5YW3kN0JzMBlGhv4a6Btqq8eSGJSRnYdl4Nd5sj6B1tP_b=s32-c-k-c0x00ffffff-no-rj,2023-06-09T02:46:00.000Z,Dexter Chan,,草,0:10:47,ChwKGkNJT0t6UFhHaHY0Q0ZWdkR3Z1FkbU5JTV9R
https://yt4.ggpht.com/wqVA6ACZzsm66pgKuxMrQoZztNmpkoRg8vJwnYTgTtuXMiG54rlEAnan076Ljv5HsBFZtYfm=s32-c-k-c0x00ffffff-no-rj,2023-06-09T02:47:00.000Z,マグネット,,草,0:10:48,ChwKGkNOLUlodmJHaHY0Q0ZWdkR3Z1FkbU5JTV9R
https://yt4.ggpht.com/ytc/AGIKgqNJ33qdZxVjQNtQTD91MxhwChIc7tDufA6CcPVI0lZ45fPJx9PFQrzIeTKN0o1Zu4oESgQ=s32-c-k-c0x00ffffff-no-rj,2023-06-09T02:48:00.000Z,田野,,草,0:10:48,ChwKGkNManRwZmJHaHY0Q0ZlX0N3Z1FkSHpNRTlB
https://yt4.ggpht.com/ytc/AGIKgqMrWj__PivXkvXYjiLpOwYtPpnSNLa0IrWx-Q=s32-c-k-c0x00ffffff-no-rj,2023-06-09T02:48:00.000Z,モーリーン,,草,0:10:48,ChwKGkNLZUtyZmJHaHY0Q0ZiSEJ3Z1FkTGVvTFpB
https://yt4.ggpht.com/ytc/AGIKgqMqA7gIV9rXpeMCO8e_I3CVNbKCDt3PnJYCTa4W6A=s32-c-k-c0x00ffffff-no-rj,2023-06-09T02:53:00.000Z,月宮みんみん,,草,0:10:53,ChwKGkNQQ280dmpHaHY0Q0ZjN0N3Z1FkTWxNR2xB
https://yt4.ggpht.com/ytc/AGIKgqOb675vR5Atb5GVAwUbDEpJQApqeemk5r04BjRa=s32-c-k-c0x00ffffff-no-rj,2023-06-09T02:55:00.000Z,ビーフじゃなくてビーエフ,,草,0:10:56,ChwKGkNPckk4dm5HaHY0Q0ZUN0N3Z1FkRHRrTEV3
https://yt4.ggpht.com/ytc/AGIKgqN2Fak3nvP5WiOIcyoTReLx6ojw_vDztkJxLKw=s32-c-k-c0x00ffffff-no-rj,2023-06-09T02:58:00.000Z,幻ちゃん,,草,0:10:58,ChwKGkNOX0c3X3JHaHY0Q0ZWbkR3Z1FkZE1zSGln
https://yt4.ggpht.com/ytc/AGIKgqNaG8ulbrpxdvAlAIfbXo04H9hv58_3I9VCZk23=s32-c-k-c0x00ffffff-no-rj,2023-06-09T03:00:00.000Z,すかい,,草,0:11:00,ChwKGkNPbWVrUHpHaHY0Q0ZmUEN3Z1FkeDVVSjh3
https://yt4.ggpht.com/mTp4ZloAKpKostFEb890JBVttU8Wc-F4wnOYmH4isz_YLut5hyc6Hh2VZEGbGCbhE9Ix7BN3=s32-c-k-c0x00ffffff-no-rj,2023-06-09T03:02:00.000Z,Mr Reinza,,草,0:11:02,ChwKGkNQZWVfUHpHaHY0Q0ZWbkR3Z1FkZE1zSGln
https://yt4.ggpht.com/ytc/AGIKgqPCSfd9I-H-oIZAywz9evKV8lU60PReS8GGaxBH=s32-c-k-c0x00ffffff-no-rj,2023-06-09T03:03:00.000Z,太郎,,部長！,0:11:03,ChwKGkNPV0tyUDNHaHY0Q0ZVTVpmUW9kZXBFRUN3
https://yt4.ggpht.com/jBT5LSW70kNvBOjNBJC3rRVInbfUobaXO-8R63mIySZXtCB9VVNrCigtHdE1ho_qoPqKGZo5BTg=s32-c-k-c0x00ffffff-no-rj,2023-06-09T03:06:00.000Z,chimaira,,魔王！,0:11:06,ChwKGkNKTFQ0XzdHaHY0Q0ZlX0N3Z1FkSHpNRTlB
https://yt4.ggpht.com/ytc/AGIKgqMNSLCkfp6m3OJP5BBg-M1XGdWjO2_fYx_t7g=s32-c-k-c0x00ffffff-no-rj,2023-06-09T03:06:00.000Z,rev,,草,0:11:06,ChwKGkNMdnZfXzdHaHY0Q0Zhdlp3UW9kWEUwTFJ3
https://yt4.ggpht.com/BWcz3tk7yBO0ST1aL4ULt7GZv3sOOkp_cZnWfAsLxVAw6YBk6XZdDuUSSrYCR14BEjuElnaSlxQ=s32-c-k-c0x00ffffff-no-rj,2023-06-09T03:06:00.000Z,ニナミ,,強,0:11:07,ChwKGkNORHVsZl9HaHY0Q0ZVSV9yUVlkU2MwRDln
https://yt4.ggpht.com/nLBnbYkxobn64P69by59BFO_NCFs0fxvZFYsbq4xzk7MR1-6PYP3oswiiIeWwExt30ZCqpB3Bw=s32-c-k-c0x00ffffff-no-rj,2023-06-09T03:10:00.000Z,いくら,,草,0:11:10,ChwKGkNLZnRfSURIaHY0Q0ZWekF3Z1FkQVQ0SGt3
https://yt4.ggpht.com/ytc/AGIKgqPxsWJfuF8OUx4WRsmA2kDlImCaDt-Z1s_stb9S=s32-c-k-c0x00ffffff-no-rj,2023-06-09T03:10:00.000Z,相良宗介,,部長！？,0:11:11,ChwKGkNPTzVqb0hIaHY0Q0ZVTEN3Z1FkbVdnUFpB
https://yt4.ggpht.com/ytc/AGIKgqO52MsdlU7ggQQmc0ENbqYgrCRd6qGIel53kPgv7g=s32-c-k-c0x00ffffff-no-rj,2023-06-09T03:12:00.000Z,YUKI.N〉また図書館に,,草,0:11:12,ChwKGkNNSzg1SUhIaHY0Q0ZYX0N3Z1FkcEZFS0dR
https://yt4.ggpht.com/ytc/AGIKgqP6mObtZ0Ve0_oUN2OlYwxf24tet5rMQQkitSD-=s32-c-k-c0x00ffffff-no-rj,2023-06-09T03:16:00.000Z,NwShu,,草,0:11:16,ChwKGkNQdmZ1b1BIaHY0Q0ZmTVI1d29kclRnR2xB
https://yt4.ggpht.com/ytc/AGIKgqPvOWoAo3iEV5dSHSRUm4s-T11oJnQy6LR_Ds_k3DwXl-AsZJPW5D7wntuLILqz=s32-c-k-c0x00ffffff-no-rj,2023-06-09T03:16:00.000Z,welcome wu,,草,0:11:16,ChwKGkNPS2t6SVBIaHY0Q0ZVTEJ3Z1Fkd0FzQm5R
https://yt4.ggpht.com/XCjuTz_t70tDd3MAvZdgvebzPxpSbha7QK2Aki6o8F9YCoODA1G-7uGEh_nH8_qaca-6uwe0NQ=s32-c-k-c0x00ffffff-no-rj,2023-06-09T03:17:00.000Z,???,,草,0:11:17,ChwKGkNLaTktNFBIaHY0Q0ZiSEJ3Z1FkTGVvTFpB
https://yt4.ggpht.com/OlJsuQ01CRc_2Gxisl86vgmTcC2JdIi1p1SpHf2B-ml_YkaFHlk2RGiJIVvcTHTSHG6fPVCsFg=s32-c-k-c0x00ffffff-no-rj,2023-06-09T03:17:00.000Z,ふのりん,,草,0:11:17,ChwKGkNMNkdvNFRIaHY0Q0Zhb1JyUVlkYWpVQW1R
https://yt4.ggpht.com/nmiC2NDqKgH2sss39iDXMqm9fDQ_BRgMhTOh_Nd-YDU_sicgnZh2r0K5pXlEqnJPxbcVpJCERA=s32-c-k-c0x00ffffff-no-rj,2023-06-09T03:17:00.000Z,豊中高校最強の男 宇高大輝,,事故,0:11:17,ChwKGkNKYVBwSVRIaHY0Q0ZmVER3Z1FkaFRrS2tB
https://yt4.ggpht.com/ytc/AGIKgqOglA87G5Y-iLL-wf_oRyPTAtF41Qhh03K__K_H-A=s32-c-k-c0x00ffffff-no-rj,2023-06-09T03:18:00.000Z,にゃんにゃこにゃ,,草,0:11:18,ChwKGkNMcWE0WVRIaHY0Q0ZWNGZyUVlkMnZvTWhn
https://yt4.ggpht.com/KC1CM7mtsHel4Ph9OWvwEiF-T7-sIMZbLm3LF8b3sRVUi6ksN6TZ5Aqj-sWitouBFQWfzA-LNw=s32-c-k-c0x00ffffff-no-rj,2023-06-09T03:18:00.000Z,初見(常連),,草,0:11:18,ChwKGkNNeUI3WVRIaHY0Q0ZSZkN3Z1FkVXdrRDlB
https://yt4.ggpht.com/pds_p-7iHM0TcU02lftLo9MaxjdD-MErZDEMvVbH_TCI4hoRen7KL7jg5Hia4TKS1U88EYfo=s32-c-k-c0x00ffffff-no-rj,2023-06-09T03:19:00.000Z,なまこ,,笑笑,0:11:19,ChwKGkNOWHc5b1RIaHY0Q0ZWdkN3Z1FkVXFrRW53
https://yt4.ggpht.com/ytc/AGIKgqMOn7hOXkmd5v3Rquc0S05Vk1LzohyMLt-PvA=s32-c-k-c0x00ffffff-no-rj,2023-06-09T03:19:00.000Z,ai aw,,草,0:11:19,ChwKGkNMTDYtNFRIaHY0Q0ZXUER3Z1FkaHI0UG5R
https://yt4.ggpht.com/XqS2dBA7P2W46ObviGioVYH4vZV5MAnsyLWTM9FmuIMtdHald96v0Dkvy87xtKPxHDIvrDroIw=s32-c-k-c0x00ffffff-no-rj,2023-06-09T03:19:00.000Z,Paka,,草,0:11:19,ChwKGkNNbkZfWVRIaHY0Q0ZiVEN3Z1FkRzdZTjhB
https://yt4.ggpht.com/ytc/AGIKgqMxvqPc6mhVj8zD286rQvTQSDuI1Gconl0_23gb0g=s32-c-k-c0x00ffffff-no-rj,2023-06-09T03:19:00.000Z,Maga Maga,,草,0:11:19,ChwKGkNMUEptb1hIaHY0Q0ZWekF3Z1FkQVQ0SGt3
https://yt4.ggpht.com/ytc/AGIKgqMHG-KXEqPy5uCSyEmtagqqtjL5sfdPgwjkbbiK=s32-c-k-c0x00ffffff-no-rj,2023-06-09T03:20:00.000Z,147,,草,0:11:20,ChwKGkNOU1Z1WVhIaHY0Q0ZhRV9yUVlkc0drS1FR
https://yt4.ggpht.com/ytc/AGIKgqMERm7L6K5sNzRz_J5aP2vwbyiePxzMlouKhZEQWg=s32-c-k-c0x00ffffff-no-rj,2023-06-09T03:20:00.000Z,ドラゴンの唐揚げ,,最高,0:11:20,ChwKGkNLbUd2WVhIaHY0Q0ZXckR3Z1FkVXRjR213
https://yt4.ggpht.com/ytc/AGIKgqNrQMCY0CNisZh4d9-kPxGpL9FrvWRJYNWu9qBN=s32-c-k-c0x00ffffff-no-rj,2023-06-09T03:20:00.000Z,9 Mothy,,草,0:11:20,ChwKGkNJak54SVhIaHY0Q0ZmVER3Z1FkaFRrS2tB
https://yt4.ggpht.com/ytc/AGIKgqOFFvHYPh2Ky3coRuyu-rSYg4M4eY8T5hE-inU9=s32-c-k-c0x00ffffff-no-rj,2023-06-09T03:20:00.000Z,いとお菓子,,草,0:11:20,ChwKGkNQdngyWVhIaHY0Q0ZmUEN3Z1FkeDVVSjh3
https://yt4.ggpht.com/ytc/AGIKgqNA5Rd07fK4lm2sqBpr7ctCDjZUgWncPTcCwmQ8ypQ=s32-c-k-c0x00ffffff-no-rj,2023-06-09T03:23:00.000Z,R32SKYLINE GXi,,草,0:11:23,ChwKGkNOS2NpSWZIaHY0Q0ZXckR3Z1FkVXRjR213
https://yt4.ggpht.com/ytc/AGIKgqMRoVAHMdS6ZTilU_XUfBD5-KzBkR2_--_OIdhn=s32-c-k-c0x00ffffff-no-rj,2023-06-09T03:23:00.000Z,HaO,,草,0:11:24,ChwKGkNJTDRtSWZIaHY0Q0ZVTEN3Z1FkbVdnUFpB
https://yt4.ggpht.com/ytc/AGIKgqMMQZaFuYiKNtUPNJz0j3MwmUsVOHVEFql6OWzzlw=s32-c-k-c0x00ffffff-no-rj,2023-06-09T03:24:00.000Z,Winmer Eli,,草,0:11:24,ChwKGkNPMkhvNGZIaHY0Q0ZWNF9yUVlkZGtjRlpn
https://yt4.ggpht.com/ytc/AGIKgqMjgAu_SG6ytUMws2dT6FieDpXuSGLcy0XbylTWqw=s32-c-k-c0x00ffffff-no-rj,2023-06-09T03:24:00.000Z,Larus,,草,0:11:24,ChwKGkNJdWhwNGZIaHY0Q0ZUN0N3Z1FkRHRrTEV3
https://yt4.ggpht.com/yOgJZBz-moEgamwgn_Wi-1GSJhc4EQQKlowAtRyEnPoMgdRPnWnv5AJFyrIVBBG8B3NzmLZTJw=s32-c-k-c0x00ffffff-no-rj,2023-06-09T03:24:00.000Z,エンヤ-??,,草,0:11:24,ChwKGkNOalpzb2ZIaHY0Q0ZWNGZyUVlkMnZvTWhn
https://yt4.ggpht.com/ytc/AGIKgqMXRbeeOJFWkfAdfPBc_caMtKSzl7UuFOMBNBY9cg=s32-c-k-c0x00ffffff-no-rj,2023-06-09T03:24:00.000Z,Tsu Han Chou,,阿,0:11:24,ChwKGkNMakh0WWZIaHY0Q0ZiSEJ3Z1FkTGVvTFpB
https://yt4.ggpht.com/ytc/AGIKgqPWe1ot0D5JpLlLxC5vVeAWiIG5kPDsa1SC7Sor=s32-c-k-c0x00ffffff-no-rj,2023-06-09T03:24:00.000Z,ラスター,,草,0:11:25,ChwKGkNJZV8xWWZIaHY0Q0ZXM0N3Z1FkZ1JNS0NR
https://yt4.ggpht.com/ytc/AGIKgqOF_Zin6TjnnhkN06XOaDN8Ezk3fMhrEP6YVR_o-w=s32-c-k-c0x00ffffff-no-rj,2023-06-09T03:26:00.000Z,mist,,草,0:11:26,ChwKGkNONy1tNGpIaHY0Q0ZUQV9yUVlkUHlJR2tn
https://yt4.ggpht.com/ytc/AGIKgqMIzSWy1WbthwoOo9P3HEzLClfLveKqugnxgLlisg=s32-c-k-c0x00ffffff-no-rj,2023-06-09T03:27:00.000Z,Cardigan,,草,0:11:27,ChwKGkNJQzczNGpIaHY0Q0ZhRV9yUVlkc0drS1FR
https://yt4.ggpht.com/8DsHnM3qt9zBvv1baime1jL_TGZIKXqTCS0sXBSTwxtrpE-QWCakFel0E7GdhipkF2hcaalakQ=s32-c-k-c0x00ffffff-no-rj,2023-06-09T03:27:00.000Z,Chen星辰,,逮捕！,0:11:27,ChwKGkNLaU00NGpIaHY0Q0ZjWER3Z1FkSEprQjlR
https://yt4.ggpht.com/ytc/AGIKgqNxwJYp9lTXgLIVHW1R649w8dlYiryizqIqVd6d=s32-c-k-c0x00ffffff-no-rj,2023-06-09T03:27:00.000Z,Redgrave,,草,0:11:27,ChwKGkNJcVVnb25IaHY0Q0ZkekN3Z1FkSGFJQ0NR
https://yt4.ggpht.com/GT1gX8AhUvbAR9MpvziIdHCkN75XYAhIotSIWpOn2-XLpMibf2QiHfAFP88wGBQlXNB13qv0=s32-c-k-c0x00ffffff-no-rj,2023-06-09T03:27:00.000Z,ali Lin,,草,0:11:27,ChwKGkNLX0FoSW5IaHY0Q0ZlX0N3Z1FkSHpNRTlB
https://yt4.ggpht.com/ytc/AGIKgqPa_8kGKNhRrOMHpCCSR_gz_r6cTKi3qH1tBRU=s32-c-k-c0x00ffffff-no-rj,2023-06-09T03:28:00.000Z,シャチ,,凸w,0:11:29,ChwKGkNPYTZ5NG5IaHY0Q0ZYX0N3Z1FkcEZFS0dR
https://yt4.ggpht.com/ytc/AGIKgqMl3wsLE3l5Le2Ng4pfXdwbbKJwFXfGzsaPsUyhyg141gKqIowJ94LEUpN3LXeq=s32-c-k-c0x00ffffff-no-rj,2023-06-09T03:29:00.000Z,Jujian Zhang,,草,0:11:29,ChwKGkNMdkEySW5IaHY0Q0ZRUUgxZ0FkWExvRUd3
https://yt4.ggpht.com/ytc/AGIKgqM_fj8uXw3xXlTNUexYQY1eXCKb0XznztMWMw=s32-c-k-c0x00ffffff-no-rj,2023-06-09T03:29:00.000Z,David Jim,,草草,0:11:29,ChwKGkNJbVo3b25IaHY0Q0ZWbkR3Z1FkZE1zSGln
https://yt4.ggpht.com/ytc/AGIKgqNWJRh6IYMX_QTWHfDg_kN-_9A6PNXPw0WNY4ywWmrgVQ=s32-c-k-c0x00ffffff-no-rj,2023-06-09T03:30:00.000Z,朱東浩,,草,0:11:30,ChwKGkNQUDNvWXJIaHY0Q0ZVckN3Z1FkRHFZSW1R
https://yt4.ggpht.com/ytc/AGIKgqMyxbUSprgmlfkl0UdALdG1HdgGLqYuLf3lMw=s32-c-k-c0x00ffffff-no-rj,2023-06-09T03:30:00.000Z,花雨,,草,0:11:30,ChwKGkNJdVpvb3JIaHY0Q0ZmTVI1d29kclRnR2xB
https://yt4.ggpht.com/ytc/AGIKgqMrCCNLE9vJXfcmfWIVgdwu9_Jl1MhvGtDEJwbZyQ=s32-c-k-c0x00ffffff-no-rj,2023-06-09T03:31:00.000Z,Bruv,,草,0:11:31,ChwKGkNMN045NHJIaHY0Q0ZiVEN3Z1FkRzdZTjhB
https://yt4.ggpht.com/iiU57z5EjO1PGe9Hv5-iUFcup3hudJJuxR5LGmMiWs4QVDn_AQI_QmTnkQN_0tIqMcIt0u9gOE4=s32-c-k-c0x00ffffff-no-rj,2023-06-09T03:32:00.000Z,YukiNe,,草,0:11:32,ChwKGkNQYnJwb3ZIaHY0Q0ZYckN3Z1FkenFFRHFR
https://yt4.ggpht.com/ytc/AGIKgqNJ33qdZxVjQNtQTD91MxhwChIc7tDufA6CcPVI0lZ45fPJx9PFQrzIeTKN0o1Zu4oESgQ=s32-c-k-c0x00ffffff-no-rj,2023-06-09T03:33:00.000Z,田野,,草,0:11:34,ChwKGkNMal9fSXZIaHY0Q0ZmTVI1d29kclRnR2xB
https://yt4.ggpht.com/ytc/AGIKgqNJELY1egyowAqsNBnyi6r-J2m0ySchGhgsNh6P=s32-c-k-c0x00ffffff-no-rj,2023-06-09T03:34:00.000Z,てばさき,,草,0:11:34,ChwKGkNQUDhqNHpIaHY0Q0ZUN0N3Z1FkRHRrTEV3
https://yt4.ggpht.com/EEzeVq0AkxjBs0dbtOLzvEGE3w4_ctoihCI4a9xNuJLrJf7G8G7cdmyk6NTwnUlFRAjD9XO9bQ=s32-c-k-c0x00ffffff-no-rj,2023-06-09T03:34:00.000Z,棢铈??,,草,0:11:34,ChwKGkNKZV9wb3pIaHY0Q0ZUTWVmUW9kSkdFUFdB
https://yt4.ggpht.com/ytc/AGIKgqPB3Bv3dlOM_cw9R-PotpROQ4L-J4tvorlJyRRRMw=s32-c-k-c0x00ffffff-no-rj,2023-06-09T03:34:00.000Z,fantasy123g,,草,0:11:34,ChwKGkNJWFNyb3pIaHY0Q0ZhakJ3Z1FkVXZZSTl3
https://yt4.ggpht.com/ztxcYQp8_rPwYMby2xz7GXuN1cPxQ9vzc7_cbqok7VNWaO_KKCvx5qqtDFDeIakMyZZpQYHRug=s32-c-k-c0x00ffffff-no-rj,2023-06-09T03:35:00.000Z,sandywave,,草,0:11:35,ChwKGkNQUDJ4b3pIaHY0Q0ZXUER3Z1FkaHI0UG5R
https://yt4.ggpht.com/ytc/AGIKgqMsoio9XT6vPE5UJG9W--NQwyV_bZCmL_xFYNRx0g=s32-c-k-c0x00ffffff-no-rj,2023-06-09T03:35:00.000Z,二名。,,草,0:11:35,ChwKGkNPRzU3WXpIaHY0Q0ZUN0N3Z1FkRHRrTEV3
https://yt4.ggpht.com/ytc/AGIKgqN3sakOjrZmg9CtCfxF3o0QW2k4qFhXXTDs9W19w9mVooceMvvGuNttLVB0fMTe9tk=s32-c-k-c0x00ffffff-no-rj,2023-06-09T03:36:00.000Z,まつかぜ先輩,,可哀想w,0:11:36,ChwKGkNJREtfNHpIaHY0Q0ZmVER3Z1FkaFRrS2tB
https://yt4.ggpht.com/ytc/AGIKgqMnrtZjQAbg3cy4y5YDnYxIvv5Vuh3mUGUHGg=s32-c-k-c0x00ffffff-no-rj,2023-06-09T03:37:00.000Z,御萩ダイフク,,草,0:11:37,ChwKGkNLTFN2NDNIaHY0Q0ZXUVM1d29kcFFzS21n
https://yt4.ggpht.com/ytc/AGIKgqMYeFgb5bIJTDiIWi7fjsE8-awJQ2i_jWBZ74PQGw=s32-c-k-c0x00ffffff-no-rj,2023-06-09T03:37:00.000Z,スモークチーズ,,草,0:11:37,ChwKGkNKcnh4NDNIaHY0Q0ZXX0N3Z1FkeDcwRlFR
https://yt4.ggpht.com/ytc/AGIKgqMvdrRfCApqzPap1YELB_dCUQe0R67eJf0lUO00=s32-c-k-c0x00ffffff-no-rj,2023-06-09T03:37:00.000Z,DKCCA0093,,草,0:11:37,ChwKGkNQTHo0bzNIaHY0Q0ZWbktGZ2tkVlU4TzdB
https://yt4.ggpht.com/x2T9kRf-jBIKJEsgu7zN-wxyGPKiegPLQsR58A1an6wIT_vl2lCB6rYLbrDkLIjuTXIrEtWrwWg=s32-c-k-c0x00ffffff-no-rj,2023-06-09T03:38:00.000Z,中二 方塊,,草,0:11:38,ChwKGkNJN3NnSTdIaHY0Q0ZjUEJ3Z1Fkc1lvTUdB
https://yt4.ggpht.com/ytc/AGIKgqNpEW3qys0aDSfSrKvrvNUxyzSv1CeoCRw49FVm=s32-c-k-c0x00ffffff-no-rj,2023-06-09T03:40:00.000Z,Aあるか,,草,0:11:41,ChwKGkNLQzlub19IaHY0Q0ZWdkR3Z1FkbU5JTV9R
https://yt4.ggpht.com/ytc/AGIKgqM164GkZLG94OlSirNUXDIOd31rmEki-AJaHGr-yg=s32-c-k-c0x00ffffff-no-rj,2023-06-09T03:40:00.000Z,ある,,乙ｗｗ,0:11:41,ChwKGkNLNy1uNF9IaHY0Q0ZWdkR3Z1FkbU5JTV9R
https://yt4.ggpht.com/bIXQmS1VIQWSB-974queurwHWXJkSmcdBJgM3OxX8Aqk9J6eX5bxZ9wxjUiNzmiZLb_G2ePzoA=s32-c-k-c0x00ffffff-no-rj,2023-06-09T03:41:00.000Z,にのさん,,草,0:11:41,ChwKGkNQMnV1WV9IaHY0Q0ZXUVM1d29kcFFzS21n
https://yt4.ggpht.com/ytc/AGIKgqMxvqPc6mhVj8zD286rQvTQSDuI1Gconl0_23gb0g=s32-c-k-c0x00ffffff-no-rj,2023-06-09T03:41:00.000Z,Maga Maga,,草,0:11:41,ChwKGkNONkk0NF9IaHY0Q0ZaNGpyUVlkc25NSmhR
https://yt4.ggpht.com/ytc/AGIKgqPDaDg4qoUvYlAO-qIDnsm-3nXeUjRONTfH2AAyAQ=s32-c-k-c0x00ffffff-no-rj,2023-06-09T03:42:00.000Z,式神,,草,0:11:42,ChwKGkNLMi0tWV9IaHY0Q0ZWdkR3Z1FkbU5JTV9R
https://yt4.ggpht.com/ytc/AGIKgqN69Jm4iQHbijIQXqiez_usHFSvvIZeLyEuLOHQ=s32-c-k-c0x00ffffff-no-rj,2023-06-09T03:42:00.000Z,まふぅ,,8時！？,0:11:42,ChwKGkNLR0xpNURIaHY0Q0ZYWEJ3Z1FkRjhJRDJR
https://yt4.ggpht.com/ytc/AGIKgqOu4sYtLuZa0W77YdL1XXnTs6EM5Nc2oDdwsT-f=s32-c-k-c0x00ffffff-no-rj,2023-06-09T03:43:00.000Z,セット,,草,0:11:43,ChwKGkNKdXZzcERIaHY0Q0ZjN0N3Z1FkTWxNR2xB
https://yt4.ggpht.com/ytc/AGIKgqNA-VCugrQrlmx9PjDuthdzIwmw9L5tjR1SkITyJQ=s32-c-k-c0x00ffffff-no-rj,2023-06-09T03:43:00.000Z,Gin Tama,,草,0:11:43,ChwKGkNJQzYySkRIaHY0Q0ZXM0N3Z1FkZ1JNS0NR
https://yt4.ggpht.com/ytc/AGIKgqMrD2R6JBNFQkkKqXvqHqHY_-830tc2kTQb8A=s32-c-k-c0x00ffffff-no-rj,2023-06-09T03:43:00.000Z,ぬやんほ,,草,0:11:43,ChwKGkNJQ1I1NURIaHY0Q0ZXUER3Z1FkaHI0UG5R
https://yt4.ggpht.com/ytc/AGIKgqObTWry96bwKZ91NBvzd-W_wCKRLDSkk0HDewg0rA=s32-c-k-c0x00ffffff-no-rj,2023-06-09T03:44:00.000Z,ながるる,,草,0:11:45,ChwKGkNJSHZuNUhIaHY0Q0Zhb1JyUVlkYWpVQW1R
https://yt4.ggpht.com/ytc/AGIKgqPVJgkRZXZVq4GWmYlXj4BC034ufARUywDxQxyBiQ=s32-c-k-c0x00ffffff-no-rj,2023-06-09T03:45:00.000Z,24度。,,草,0:11:45,ChwKGkNJdVB0SkhIaHY0Q0ZXckR3Z1FkVXRjR213
https://yt4.ggpht.com/ytc/AGIKgqOZs11mRGpDe-VxughXCbMF7lfzf19YiU4tKbfr3w=s32-c-k-c0x00ffffff-no-rj,2023-06-09T03:45:00.000Z,SSK R,,草,0:11:45,ChwKGkNKLVJ5SkhIaHY0Q0ZUQV9yUVlkUHlJR2tn
https://yt4.ggpht.com/ytc/AGIKgqO0LWYLL_n9NcMD_T8FlDAq4AQhY2SikvohGPpW=s32-c-k-c0x00ffffff-no-rj,2023-06-09T03:45:00.000Z,クロミツきなこ,,草,0:11:46,ChwKGkNNWFo0NUhIaHY0Q0ZYWEJ3Z1FkRjhJRDJR
https://yt4.ggpht.com/ZVlSeYUuHUFrJytjXOTTt1AntUjH6pB9HbLuRTZWY2c0G-UxQSEsta6RryztlycqAEsa1oj0cQ=s32-c-k-c0x00ffffff-no-rj,2023-06-09T03:46:00.000Z,アイム?ヌーブ,,草,0:11:46,ChwKGkNPdWQ4NUhIaHY0Q0ZXUER3Z1FkaHI0UG5R
https://yt4.ggpht.com/ytc/AGIKgqMrHgk8ksnSCFvkJtuiFxPHbAP5XKAJjsmK3KRgLw=s32-c-k-c0x00ffffff-no-rj,2023-06-09T03:46:00.000Z,GORDON,,草,0:11:46,ChwKGkNMV0VnWkxIaHY0Q0ZUM0R3Z1FkTGtnSjRn
https://yt4.ggpht.com/cs0eIBnyGNlXrbq-b2kv1lfF9K00P8XQkmB8RFCAZsJtDROIBSgSk2LnsT7eb62OJoVxBoXbag=s32-c-k-c0x00ffffff-no-rj,2023-06-09T03:46:00.000Z,あこん,,草,0:11:46,ChwKGkNMYVprNUxIaHY0Q0ZkTVdyUVlkR0tnTm1R
https://yt4.ggpht.com/ytc/AGIKgqOaykwoPChDf4ZsIGyQKLzYyVNpIhECx7BG3UOemw=s32-c-k-c0x00ffffff-no-rj,2023-06-09T03:47:00.000Z,コハク,,草,0:11:48,ChwKGkNKR2sySkxIaHY0Q0ZXckR3Z1FkVXRjR213
https://yt4.ggpht.com/y3OoQJUuqSQj9DG5TBGzMoD3g3PsqFblrc_b2tu5DXEJMDoIyHqz8ABoqRMXlnAzhgOr8q7ZqfI=s32-c-k-c0x00ffffff-no-rj,2023-06-09T03:48:00.000Z,ちぷ,,草,0:11:48,ChwKGkNPZVUzSkxIaHY0Q0ZmZkN3Z1FkZkNBRVF3
https://yt4.ggpht.com/rQucl3Sz91Ab43XAXBmVaNFmHzLi81seLIke4HaK0AIW13wGGJfNiDpMXOuJ1mu_MtfP2_Ow=s32-c-k-c0x00ffffff-no-rj,2023-06-09T03:48:00.000Z,熊老P,,草,0:11:48,ChwKGkNQM081WkxIaHY0Q0ZiSEJ3Z1FkTGVvTFpB
https://yt4.ggpht.com/CvfO3XUDX2y9ZpdQZZDCmiW4KyxZIVQmx-k4urUJeXMarSNEYEe28Heh0rDxkyS8p4KOpT5m=s32-c-k-c0x00ffffff-no-rj,2023-06-09T03:49:00.000Z,名無し,,了解！,0:11:49,ChwKGkNKakttcFBIaHY0Q0ZVSV9yUVlkU2MwRDln
https://yt4.ggpht.com/ytc/AGIKgqPUjI8cCis_wxxoG7Lcqdn16sUiOXavt2VaQaRGhA=s32-c-k-c0x00ffffff-no-rj,2023-06-09T03:51:00.000Z,てるてる,,草,0:11:51,ChwKGkNKR1VuNVRIaHY0Q0ZTX0R3Z1Fkc1YwSWZR
https://yt4.ggpht.com/ytc/AGIKgqN1uhSoGjGk8dNg98tTaXTPkGeXZAK_IDLuehZN=s32-c-k-c0x00ffffff-no-rj,2023-06-09T03:51:00.000Z,エイルン,,草,0:11:51,ChwKGkNPTEZwcFRIaHY0Q0ZjUEJ3Z1Fkc1lvTUdB
https://yt4.ggpht.com/ytc/AGIKgqOzT17YD4g8KMcTeCHTK7PHWAilZnxgi-9Mzyh-gQ=s32-c-k-c0x00ffffff-no-rj,2023-06-09T03:51:00.000Z,ドラゴンゾンビ,,草,0:11:51,ChwKGkNPS3FxNVRIaHY0Q0ZjWER3Z1FkSEprQjlR
https://yt4.ggpht.com/ytc/AGIKgqPmXBkqtWaj6xmyPbo808ixoZV3DiGwHzRB0mlA=s32-c-k-c0x00ffffff-no-rj,2023-06-09T03:52:00.000Z,みかとん,,草,0:11:52,ChwKGkNNcnAtNVRIaHY0Q0ZSZkN3Z1FkVXdrRDlB
https://yt4.ggpht.com/0l7uQ0drZ2a49E_di6N-0FBZxpeXQNv_ToDe2NOLWh0ZZjrB1GzrmZdzh0pbI_Cc7PxdwyTLXw=s32-c-k-c0x00ffffff-no-rj,2023-06-09T03:53:00.000Z,ホワイトセサミン,,草,0:11:53,ChwKGkNJT2d3WlhIaHY0Q0ZjN0N3Z1FkTWxNR2xB
https://yt4.ggpht.com/TMsaPhsvDt5fT5jQFTMZXGXOQxJjVWJl_wB6d7G7R3HkEHzX3Vuk1GmKlRnRL5UK5f5nKyHxVsY=s32-c-k-c0x00ffffff-no-rj,2023-06-09T03:54:00.000Z,りーのら,,乙,0:11:54,ChwKGkNJMjE2SlhIaHY0Q0ZWNF9yUVlkZGtjRlpn
https://yt4.ggpht.com/ytc/AGIKgqN7ORTqSd-NVVeSr13jHq9svO_kAVs6mr7xl_jw=s32-c-k-c0x00ffffff-no-rj,2023-06-09T03:55:00.000Z,eisenwater,,草,0:11:56,ChwKGkNQYlh1SmJIaHY0Q0ZkTVdyUVlkR0tnTm1R
https://yt4.ggpht.com/KMNRzNJWvQiZURCT-N_L3KLZ4EarRfbX_AkDGcmPaq00xrTNRFaZgSfTsDeZqh9PFbq5iTFQpg=s32-c-k-c0x00ffffff-no-rj,2023-06-09T03:58:00.000Z,さんらりぞー,,8時！？,0:11:59,ChwKGkNPbmctSmZIaHY0Q0ZiSEJ3Z1FkTGVvTFpB
https://yt4.ggpht.com/ytc/AGIKgqM_yVFhs6vcIKIL4jqiZXvlRh2CybbX18y9WWw-8A=s32-c-k-c0x00ffffff-no-rj,2023-06-08T16:00:00.000Z,アリ,,草,0:12:00,ChwKGkNPM3N4NWpIaHY0Q0ZkekN3Z1FkSGFJQ0NR
https://yt4.ggpht.com/ytc/AGIKgqOu0P5jxZeAWcLgtkVDmkjcG-tcwdYlh4oEna4eQg=s32-c-k-c0x00ffffff-no-rj,2023-06-08T16:06:00.000Z,Daisuke Saito,,神,0:12:06,ChwKGkNPRDB4NXZIaHY0Q0ZXX0N3Z1FkeDcwRlFR
https://yt4.ggpht.com/ytc/AGIKgqMySWCc5B96LOLTyUW06R5o9EEQWqJCKCtu3w2I=s32-c-k-c0x00ffffff-no-rj,2023-06-08T16:10:00.000Z,白餡,,草,0:12:10,ChwKGkNLTE5wcDNIaHY0Q0ZUN0N3Z1FkRHRrTEV3
https://yt4.ggpht.com/ytc/AGIKgqP0uO08U0wvCWYPqa7jTt_-dqyHjBxzndaneVNy=s32-c-k-c0x00ffffff-no-rj,2023-06-08T16:13:00.000Z,??,,草w,0:12:13,ChwKGkNMdS04cDdIaHY0Q0ZjUEJ3Z1Fkc1lvTUdB
https://yt4.ggpht.com/mwDXWWqUYLkKdNSg93MxuCmC_ICf-smvwUA30A4Lpztxw_A9d59LeQiojhTWeXG3ssh2M7guIw=s32-c-k-c0x00ffffff-no-rj,2023-06-08T16:14:00.000Z,千分之零点灵,,待机、,0:12:14,ChwKGkNNaWNrWl9IaHY0Q0ZWdkN3Z1FkVXFrRW53
https://yt4.ggpht.com/G9vzKQNywoePI_DscF_1AFiV0qk_EJpNR6WKEP69omR9EVWfdeLhoLx70UwTg-lqLNRgUF0pJw=s32-c-k-c0x00ffffff-no-rj,2023-06-08T16:21:00.000Z,うさぎいぬ,,明日朝？,0:12:21,ChwKGkNPSGN4NkxIaHY0Q0ZVckN3Z1FkRHFZSW1R
https://yt4.ggpht.com/wtxntS-1rzcjZzG2RXgxD07dKeG6KLccsgCXCeN5bwHGxz418sgWbb-jJZNBR-7GyALspdnrzA=s32-c-k-c0x00ffffff-no-rj,2023-06-08T16:21:00.000Z,小トトロ,,乙?,0:12:21,ChwKGkNMV2c1YUxIaHY0Q0ZkekN3Z1FkSGFJQ0NR
https://yt4.ggpht.com/mwDXWWqUYLkKdNSg93MxuCmC_ICf-smvwUA30A4Lpztxw_A9d59LeQiojhTWeXG3ssh2M7guIw=s32-c-k-c0x00ffffff-no-rj,2023-06-08T16:26:00.000Z,千分之零点灵,,就在这睡了！,0:12:26,ChwKGkNKcTJoS1hIaHY0Q0ZUN0N3Z1FkRHRrTEV3
https://yt4.ggpht.com/ytc/AGIKgqMVLUjQgtDbTLJuuT9iory7il7knvx7pfnMoQ=s32-c-k-c0x00ffffff-no-rj,2023-06-08T16:27:00.000Z,HYM FX,,草草草草草草,0:12:27,ChwKGkNQdWl2NlhIaHY0Q0ZXckR3Z1FkVXRjR213
https://yt4.ggpht.com/s_XMVzRetPBnqIo3eKA1ZSB15IGyvsvRrA5uzmwoCLmd1wA56sWrtJKdDhkhdgxtBWcj1TpfBBM=s32-c-k-c0x00ffffff-no-rj,2023-06-08T16:29:00.000Z,暇すぎた人,,乙,0:12:29,ChwKGkNOS0h4S2JIaHY0Q0ZjWER3Z1FkSEprQjlR
https://yt4.ggpht.com/VOWnlkQffbDgyzOhPJYez68ufuu597XrSLYABQbO8d1jk9yPPuRE4Y-632zpwr3EA_uBoNCz8Q=s32-c-k-c0x00ffffff-no-rj,2023-06-08T16:34:00.000Z,シッティ,,一旦解散,0:12:34,ChwKGkNMam1fcWpIaHY0Q0ZjN0N3Z1FkTWxNR2xB
https://yt4.ggpht.com/ytc/AGIKgqMMlp9qksZ_Mjp4doEGX4YYzJiHkL93NaD48vQPFA=s32-c-k-c0x00ffffff-no-rj,2023-06-08T16:42:00.000Z,D 9,,草,0:12:42,ChwKGkNQSEozcXpIaHY0Q0ZWNGZyUVlkMnZvTWhn
https://yt4.ggpht.com/ytc/AGIKgqMQitDtq5s5_M8QXW8QLtSrRGd3L3kA5zz0T5Gk=s32-c-k-c0x00ffffff-no-rj,2023-06-08T16:54:00.000Z,黒い狐,,草,0:12:54,ChwKGkNKLUp0YkxIaHY0Q0ZVTEJ3Z1Fkd0FzQm5R
